"DataMessageGUID","SensorID","Sensor Name","Date","Value","Formatted Value","Battery","Raw Data","Sensor State","GatewayID","Alert Sent","Signal Strength","Voltage"
"4eb4cd13-c5ac-46bd-bbb3-7c16bcb6b7bb","306912","Birk - B7 (TANK 5)","11/27/2018 4:29 PM","23.7","23.7° C","100","23.7","0","900142","False","94","3.65"
"2109ccfe-03aa-4dfb-933b-5a183f45b50f","306912","Birk - B7 (TANK 5)","11/27/2018 4:19 PM","23.8","23.8° C","100","23.8","0","900142","False","94","3.66"
"29abed96-4347-4cbc-810e-6572b099abca","306912","Birk - B7 (TANK 5)","11/27/2018 4:09 PM","23.6","23.6° C","100","23.6","0","900142","False","94","3.66"
"f99e03e1-2d3f-4b56-bdce-bbb74a861cfa","306912","Birk - B7 (TANK 5)","11/27/2018 3:59 PM","23.3","23.3° C","100","23.3","0","900142","False","96","3.66"
"bfd6f824-560a-4c7f-b023-a913042ea8bc","306912","Birk - B7 (TANK 5)","11/27/2018 3:49 PM","23.4","23.4° C","100","23.4","0","900142","False","94","3.67"
"157f6787-fffc-4043-8fa7-c2fe0aec0ec2","306912","Birk - B7 (TANK 5)","11/27/2018 3:39 PM","23.6","23.6° C","100","23.6","0","900142","False","96","3.65"
"b14024a1-7b6b-4406-80b6-676f5b195dae","306912","Birk - B7 (TANK 5)","11/27/2018 3:29 PM","23.7","23.7° C","100","23.7","0","900142","False","94","3.67"
"5d425aea-fff5-4748-aff6-d83325666d10","306912","Birk - B7 (TANK 5)","11/27/2018 3:19 PM","23.8","23.8° C","100","23.8","0","900142","False","96","3.67"
"6dc72cc6-8bca-4de4-ac63-d1306f81d224","306912","Birk - B7 (TANK 5)","11/27/2018 3:10 PM","23.7","23.7° C","100","23.7","0","900142","False","96","3.66"
"af609f3a-c992-48ea-b3bc-ccdb0ea197a2","306912","Birk - B7 (TANK 5)","11/27/2018 3:00 PM","23.6","23.6° C","100","23.6","0","900142","False","94","3.67"
"055d0493-dd9b-4201-9b54-83e7b0dbd63f","306912","Birk - B7 (TANK 5)","11/27/2018 2:50 PM","23.3","23.3° C","100","23.3","0","900142","False","94","3.67"
"4d96677a-f142-460d-90aa-4be035584617","306912","Birk - B7 (TANK 5)","11/27/2018 2:40 PM","23.4","23.4° C","100","23.4","0","900142","False","94","3.67"
"9bab2d70-1896-482f-9c3f-4ad8143b6ba7","306912","Birk - B7 (TANK 5)","11/27/2018 2:30 PM","23.2","23.2° C","100","23.2","0","900142","False","84","3.68"
"231e698f-5b73-4b87-89ec-37a90756cf5f","306912","Birk - B7 (TANK 5)","11/27/2018 2:20 PM","23","23° C","100","23","0","900142","False","92","3.67"
"132c2848-125b-41fe-bb54-b3c14e6ee49e","306912","Birk - B7 (TANK 5)","11/27/2018 2:10 PM","22.5","22.5° C","100","22.5","0","900142","False","92","3.67"
"aff364f1-d3eb-49af-9f61-86f8513d7bd7","306912","Birk - B7 (TANK 5)","11/27/2018 2:00 PM","22.6","22.6° C","100","22.6","0","900142","False","80","3.68"
"6101426d-e933-4c68-afb6-295cd0f3eb5b","306912","Birk - B7 (TANK 5)","11/27/2018 1:50 PM","22.6","22.6° C","100","22.6","0","900142","False","96","3.66"
"c02411b1-8333-48de-8bcc-cdebf45457d2","306912","Birk - B7 (TANK 5)","11/27/2018 1:40 PM","22.7","22.7° C","100","22.7","0","900142","False","94","3.67"
"28637e66-719e-4bb7-b184-4b3792d5b1db","306912","Birk - B7 (TANK 5)","11/27/2018 1:30 PM","22.7","22.7° C","100","22.7","0","900142","False","93","3.68"
"c029dd4c-66e7-4c73-abe3-8606ab990084","306912","Birk - B7 (TANK 5)","11/27/2018 1:20 PM","22.7","22.7° C","100","22.7","0","900142","False","94","3.67"
"47395562-4e41-49b6-9dbc-72bc0a5559fe","306912","Birk - B7 (TANK 5)","11/27/2018 1:10 PM","22.5","22.5° C","100","22.5","0","900142","False","94","3.66"
"efa034c2-6f1e-4e15-a3ff-88b65142eb79","306912","Birk - B7 (TANK 5)","11/27/2018 1:00 PM","22.2","22.2° C","100","22.2","0","900142","False","94","3.65"
"72639561-241e-4330-b847-e3579859e02f","306912","Birk - B7 (TANK 5)","11/27/2018 12:51 PM","22.2","22.2° C","100","22.2","0","900142","False","94","3.66"
"6f3ed3e8-7cf8-41e1-980c-7f2758b9c0f6","306912","Birk - B7 (TANK 5)","11/27/2018 12:41 PM","22.2","22.2° C","100","22.2","0","900142","False","94","3.68"
"da62919e-5b99-4e57-b3b9-b75ccb821908","306912","Birk - B7 (TANK 5)","11/27/2018 12:31 PM","22.3","22.3° C","100","22.3","0","900142","False","94","3.67"
"610da073-a748-485c-9b73-1657bf1c073d","306912","Birk - B7 (TANK 5)","11/27/2018 12:21 PM","22.3","22.3° C","100","22.3","0","900142","False","93","3.67"
"52514e88-443b-4841-92c3-abfe50d9821e","306912","Birk - B7 (TANK 5)","11/27/2018 12:11 PM","22.3","22.3° C","100","22.3","0","900142","False","94","3.67"
"33850cca-1c5c-4e5a-a0c2-9e1eec8d4e21","306912","Birk - B7 (TANK 5)","11/27/2018 12:01 PM","22","22° C","100","22","0","900142","False","96","3.66"
"cd893820-4ee4-4274-a0fe-63988669c294","306912","Birk - B7 (TANK 5)","11/27/2018 11:51 AM","21.6","21.6° C","100","21.6","0","900142","False","94","3.67"
"ff831d6b-0936-4b32-b0a1-a261d438b3d3","306912","Birk - B7 (TANK 5)","11/27/2018 11:41 AM","21","21° C","100","21","0","900142","False","93","3.67"
"34c5dc00-d48a-412c-854d-b63f765d4410","306912","Birk - B7 (TANK 5)","11/27/2018 11:31 AM","21","21° C","100","21","0","900142","False","94","3.67"
"ee855972-4d73-4a53-9e2e-5281988ec011","306912","Birk - B7 (TANK 5)","11/27/2018 11:21 AM","21","21° C","100","21","0","900142","False","94","3.68"
"8f4ed2a2-094f-4bc8-a433-5d94d615d56b","306912","Birk - B7 (TANK 5)","11/27/2018 11:11 AM","21","21° C","100","21","0","900142","False","94","3.67"
"d6f84dc6-371e-4b77-b792-1f6957938377","306912","Birk - B7 (TANK 5)","11/27/2018 11:01 AM","21","21° C","100","21","0","900142","False","94","3.66"
"3826f438-576a-4f39-a1c6-9afdf0aa3bdf","306912","Birk - B7 (TANK 5)","11/27/2018 10:51 AM","21","21° C","100","21","0","900142","False","92","3.66"
"1927bbfb-2ecb-4dda-9df8-8ad35ddf8854","306912","Birk - B7 (TANK 5)","11/27/2018 10:41 AM","21","21° C","100","21","0","900142","False","93","3.66"
"e809cf89-43dc-4a5e-9699-841dea993a71","306912","Birk - B7 (TANK 5)","11/27/2018 10:32 AM","21","21° C","100","21","0","900142","False","94","3.67"
"ca63084f-816e-4bfa-8708-ca189a8ceed3","306912","Birk - B7 (TANK 5)","11/27/2018 10:22 AM","21.1","21.1° C","100","21.1","0","900142","False","94","3.66"
"8ccb24fa-c656-4394-8e17-965c2b3decb4","306912","Birk - B7 (TANK 5)","11/27/2018 10:12 AM","21","21° C","100","21","0","900142","False","89","3.68"
"2898168a-5ba3-4d11-87af-5fd971c1b96b","306912","Birk - B7 (TANK 5)","11/27/2018 10:02 AM","21.1","21.1° C","100","21.1","0","900142","False","90","3.65"
"ec139d87-a0d8-4a25-a827-c91c4f70aa6a","306912","Birk - B7 (TANK 5)","11/27/2018 9:52 AM","21.2","21.2° C","100","21.2","0","900142","False","86","3.67"
"85735afd-a088-4156-a486-cbf2239c587a","306912","Birk - B7 (TANK 5)","11/27/2018 9:42 AM","21.2","21.2° C","100","21.2","0","900142","False","80","3.66"
"5af2df10-918e-45ed-ae8b-260615f803bd","306912","Birk - B7 (TANK 5)","11/27/2018 9:32 AM","21.2","21.2° C","100","21.2","0","900142","False","90","3.66"
"a97f51d5-809b-451c-8a84-b32f4726ff3a","306912","Birk - B7 (TANK 5)","11/27/2018 9:22 AM","21.2","21.2° C","100","21.2","0","900142","False","89","3.67"
"687c58af-e551-4bdd-b41c-2799ce1930f2","306912","Birk - B7 (TANK 5)","11/27/2018 9:12 AM","21","21° C","100","21","0","900142","False","92","3.65"
"db0e2c89-5fe7-48b3-88a5-2aecc15c2896","306912","Birk - B7 (TANK 5)","11/27/2018 9:02 AM","20.8","20.8° C","100","20.8","0","900142","False","85","3.67"
"dd24e56c-48f7-4875-a7b8-41064993accf","306912","Birk - B7 (TANK 5)","11/27/2018 8:52 AM","20.9","20.9° C","100","20.9","0","900142","False","85","3.67"
"d9a13612-8d6b-4545-a474-dc4d42e4194e","306912","Birk - B7 (TANK 5)","11/27/2018 8:42 AM","20.9","20.9° C","100","20.9","0","900142","False","85","3.66"
"6349ff5c-3358-4470-9308-b14ca5e68f6a","306912","Birk - B7 (TANK 5)","11/27/2018 8:32 AM","20.8","20.8° C","100","20.8","0","900142","False","81","3.66"
"62635303-a79e-4420-a322-36a5ad1391de","306912","Birk - B7 (TANK 5)","11/27/2018 8:22 AM","20.8","20.8° C","100","20.8","0","900142","False","84","3.67"
"feec836b-f8d0-4001-9c03-db527c624559","306912","Birk - B7 (TANK 5)","11/27/2018 8:12 AM","20.7","20.7° C","100","20.7","0","900142","False","85","3.67"
"08074454-9d84-49f5-825c-ba4be36afb06","306912","Birk - B7 (TANK 5)","11/27/2018 8:02 AM","20.6","20.6° C","100","20.6","0","900142","False","85","3.67"
"b8837648-b7b1-4326-8941-c5f248fa183e","306912","Birk - B7 (TANK 5)","11/27/2018 7:53 AM","20.7","20.7° C","100","20.7","0","900142","False","84","3.66"
"c6745ea2-089b-42e3-bfd9-b99b4b675bdc","306912","Birk - B7 (TANK 5)","11/27/2018 7:43 AM","20.8","20.8° C","100","20.8","0","900142","False","84","3.67"
"9713e623-62fd-4604-9756-7aaba5ba03d9","306912","Birk - B7 (TANK 5)","11/27/2018 7:33 AM","20.8","20.8° C","100","20.8","0","900142","False","85","3.67"
"bd87b42b-280a-4602-a0f4-fc712d47870a","306912","Birk - B7 (TANK 5)","11/27/2018 7:23 AM","20.8","20.8° C","100","20.8","0","900142","False","84","3.66"
"0c7c56f3-09ed-4bb0-a0af-44181492ca0f","306912","Birk - B7 (TANK 5)","11/27/2018 7:13 AM","20.6","20.6° C","100","20.6","0","900142","False","85","3.66"
"4948168f-1757-4e99-b752-85eea7b56424","306912","Birk - B7 (TANK 5)","11/27/2018 7:03 AM","20.6","20.6° C","100","20.6","0","900142","False","85","3.68"
"c9daa098-1ed7-449c-923f-ea6da7e08be3","306912","Birk - B7 (TANK 5)","11/27/2018 6:53 AM","20.4","20.4° C","100","20.4","0","900142","False","85","3.67"
"05c399e8-2920-43d8-95d9-c788c6b8aff0","306912","Birk - B7 (TANK 5)","11/27/2018 6:43 AM","20.5","20.5° C","100","20.5","0","900142","False","85","3.67"
"9ee08615-6bac-47bc-babc-73ddc27cfab0","306912","Birk - B7 (TANK 5)","11/27/2018 6:33 AM","20.4","20.4° C","100","20.4","0","900142","False","85","3.66"
"cf63464b-c106-4fd8-8213-23cabfb1e366","306912","Birk - B7 (TANK 5)","11/27/2018 6:23 AM","20.3","20.3° C","100","20.3","0","900142","False","85","3.66"
"b7a1b133-bb9e-4a4c-ba07-5dc9349ad954","306912","Birk - B7 (TANK 5)","11/27/2018 6:13 AM","20.3","20.3° C","100","20.3","0","900142","False","85","3.67"
"0166d2b9-863c-421e-8cc3-84bcfca8dc58","306912","Birk - B7 (TANK 5)","11/27/2018 6:03 AM","20.3","20.3° C","100","20.3","0","900142","False","85","3.67"
"951eadca-d819-43d1-b534-12144b585177","306912","Birk - B7 (TANK 5)","11/27/2018 5:53 AM","20.3","20.3° C","100","20.3","0","900142","False","84","3.67"
"bd9792d4-35fb-4ced-9719-60bf7189dbab","306912","Birk - B7 (TANK 5)","11/27/2018 5:43 AM","20.3","20.3° C","100","20.3","0","900142","False","84","3.67"
"2c0181af-8d6f-47c8-a753-37db6b388140","306912","Birk - B7 (TANK 5)","11/27/2018 5:33 AM","20.2","20.2° C","100","20.2","0","900142","False","84","3.67"
"f339bf9d-97d6-4843-824e-888ab6caefea","306912","Birk - B7 (TANK 5)","11/27/2018 5:24 AM","20.1","20.1° C","100","20.1","0","900142","False","84","3.66"
"e1d55368-cc14-4acd-a1a5-8343d9406209","306912","Birk - B7 (TANK 5)","11/27/2018 5:14 AM","20","20° C","100","20","0","900142","False","84","3.67"
"7536c2c1-199d-439b-80d8-51886ec93b6e","306912","Birk - B7 (TANK 5)","11/27/2018 5:04 AM","20","20° C","100","20","0","900142","False","84","3.67"
"0e2148a0-bfec-46c7-9b3c-13a2c37f06cb","306912","Birk - B7 (TANK 5)","11/27/2018 4:54 AM","19.9","19.9° C","100","19.9","0","900142","False","84","3.67"
"aa4fff01-c527-476f-ba40-3988bd1dbb46","306912","Birk - B7 (TANK 5)","11/27/2018 4:44 AM","19.5","19.5° C","100","19.5","0","900142","False","85","3.67"
"7f808344-d3a8-4f28-a11e-3573b2744954","306912","Birk - B7 (TANK 5)","11/27/2018 4:34 AM","19.1","19.1° C","100","19.1","0","900142","False","84","3.66"
"8ee95ca7-bd7a-4032-b697-444e147da00d","306912","Birk - B7 (TANK 5)","11/27/2018 4:24 AM","19","19° C","100","19","0","900142","False","84","3.66"
"da0f2f54-70d4-4257-8e42-817a51ba40db","306912","Birk - B7 (TANK 5)","11/27/2018 4:14 AM","19","19° C","100","19","0","900142","False","84","3.66"
"2709b61e-e65e-4c5e-8fb2-a1481ce50190","306912","Birk - B7 (TANK 5)","11/27/2018 4:04 AM","19","19° C","100","19","0","900142","False","84","3.67"
"f6d7d5d4-1c92-4ff4-bb71-24635d7e373c","306912","Birk - B7 (TANK 5)","11/27/2018 3:54 AM","19.1","19.1° C","100","19.1","0","900142","False","84","3.66"
"c69447c1-3065-4bb5-9e13-02644a50c268","306912","Birk - B7 (TANK 5)","11/27/2018 3:44 AM","19","19° C","100","19","0","900142","False","84","3.67"
"d252eb8e-bcfd-4f09-8542-0a2192e77137","306912","Birk - B7 (TANK 5)","11/27/2018 3:34 AM","19","19° C","100","19","0","900142","False","84","3.64"
"93521969-c817-4ab4-9484-3e3c302d3c3f","306912","Birk - B7 (TANK 5)","11/27/2018 3:24 AM","19","19° C","100","19","0","900142","False","84","3.66"
"d9898e9e-2dc3-43c4-86ee-e40104f51507","306912","Birk - B7 (TANK 5)","11/27/2018 3:14 AM","19.1","19.1° C","100","19.1","0","900142","False","84","3.66"
"b8eafd55-16b9-4e53-9623-78343c1f1012","306912","Birk - B7 (TANK 5)","11/27/2018 3:04 AM","19","19° C","100","19","0","900142","False","84","3.66"
"c10ba30d-f3ec-451c-92b3-13d0a37c82e1","306912","Birk - B7 (TANK 5)","11/27/2018 2:54 AM","19","19° C","100","19","0","900142","False","84","3.67"
"1cdca2db-4a75-48f4-8586-192369db773f","306912","Birk - B7 (TANK 5)","11/27/2018 2:44 AM","18.8","18.8° C","100","18.8","0","900142","False","84","3.65"
"f25de754-c31a-4526-a655-c573b8b4b5e5","306912","Birk - B7 (TANK 5)","11/27/2018 2:34 AM","18.4","18.4° C","100","18.4","0","900142","False","84","3.67"
"e0751c13-b6f0-4274-85d4-c207fa14a833","306912","Birk - B7 (TANK 5)","11/27/2018 2:24 AM","18.1","18.1° C","100","18.1","0","900142","False","84","3.68"
"f5530756-9fbf-4ba4-a778-793958186b58","306912","Birk - B7 (TANK 5)","11/27/2018 2:15 AM","17.9","17.9° C","100","17.9","0","900142","False","84","3.66"
"f580c4f7-4d99-4982-88b0-719d5fdc6cf8","306912","Birk - B7 (TANK 5)","11/27/2018 2:05 AM","18","18° C","100","18","0","900142","False","84","3.66"
"04a651cc-a352-4dcc-8488-1bc4c87857f0","306912","Birk - B7 (TANK 5)","11/27/2018 1:55 AM","17.9","17.9° C","100","17.9","0","900142","False","84","3.67"
"381694bc-9602-4498-a759-91a8d9a09450","306912","Birk - B7 (TANK 5)","11/27/2018 1:45 AM","18","18° C","100","18","0","900142","False","84","3.68"
"8ded854e-97c7-42e2-ab29-67154ef0e25c","306912","Birk - B7 (TANK 5)","11/27/2018 1:35 AM","18","18° C","100","18","0","900142","False","85","3.68"
"5ff92125-e383-46aa-972a-65f5afd2fddd","306912","Birk - B7 (TANK 5)","11/27/2018 1:25 AM","17.9","17.9° C","100","17.9","0","900142","False","84","3.68"
"96821d33-540e-4a1a-99c5-e2dac518ae57","306912","Birk - B7 (TANK 5)","11/27/2018 1:15 AM","18","18° C","100","18","0","900142","False","85","3.67"
"2dc63122-d00a-4e9b-8855-e3ae7009ae06","306912","Birk - B7 (TANK 5)","11/27/2018 1:05 AM","17.9","17.9° C","100","17.9","0","900142","False","85","3.67"
"a72a76dd-16b9-4abd-ad86-559c855950d0","306912","Birk - B7 (TANK 5)","11/27/2018 12:55 AM","17.9","17.9° C","100","17.9","0","900142","False","85","3.66"
"c45399a4-227f-4239-bdce-5b09a863474b","306912","Birk - B7 (TANK 5)","11/27/2018 12:45 AM","17.9","17.9° C","100","17.9","0","900142","False","84","3.66"
"3e9f0a3a-9b80-4209-9d27-4b43efff6be9","306912","Birk - B7 (TANK 5)","11/27/2018 12:35 AM","17.7","17.7° C","100","17.7","0","900142","False","84","3.68"
"5eaba9ad-8268-4846-9145-b1a48e94b5f2","306912","Birk - B7 (TANK 5)","11/27/2018 12:25 AM","17.3","17.3° C","100","17.3","0","900142","False","85","3.67"
"bfeb547a-c129-4f7e-b323-95efae1b6058","306912","Birk - B7 (TANK 5)","11/27/2018 12:15 AM","17.1","17.1° C","100","17.1","0","900142","False","84","3.67"
"997fe005-ecca-4ea6-80b4-c96269d89412","306912","Birk - B7 (TANK 5)","11/27/2018 12:05 AM","16.8","16.8° C","100","16.8","0","900142","False","84","3.66"
"c5d2d6d6-b8c5-4781-a83b-a6eef9706d82","306912","Birk - B7 (TANK 5)","11/26/2018 11:55 PM","16.9","16.9° C","100","16.9","0","900142","False","84","3.67"
"503ca6b5-4911-4f94-986c-8ffbc9218a82","306912","Birk - B7 (TANK 5)","11/26/2018 11:46 PM","16.8","16.8° C","100","16.8","0","900142","False","85","3.67"
"9c6422da-ff56-4cba-98a3-d17b0bd13d40","306912","Birk - B7 (TANK 5)","11/26/2018 11:36 PM","16.8","16.8° C","100","16.8","0","900142","False","84","3.67"
"b6f78761-8179-4cc5-8267-c44637bc0dc9","306912","Birk - B7 (TANK 5)","11/26/2018 11:26 PM","16.8","16.8° C","100","16.8","0","900142","False","84","3.67"
"3dea2747-8c53-45ed-a161-b09193106efd","306912","Birk - B7 (TANK 5)","11/26/2018 11:16 PM","16.8","16.8° C","100","16.8","0","900142","False","84","3.67"
"7f1cd5f1-4ea8-4e65-9738-6c0d96e4bab0","306912","Birk - B7 (TANK 5)","11/26/2018 11:06 PM","16.9","16.9° C","100","16.9","0","900142","False","84","3.66"
"a70d41ab-0519-4177-8344-554115c0745c","306912","Birk - B7 (TANK 5)","11/26/2018 10:56 PM","16.8","16.8° C","100","16.8","0","900142","False","84","3.66"
"26904c28-602b-4d72-9183-53d4d9d70c79","306912","Birk - B7 (TANK 5)","11/26/2018 10:46 PM","16.9","16.9° C","100","16.9","0","900142","False","82","3.67"
"1f5cca62-747b-4149-bd86-2251046fbc91","306912","Birk - B7 (TANK 5)","11/26/2018 10:36 PM","16.7","16.7° C","100","16.7","0","900142","False","82","3.66"
"310400a5-96be-475e-8997-082d682acb0e","306912","Birk - B7 (TANK 5)","11/26/2018 10:26 PM","16.6","16.6° C","100","16.6","0","900142","False","84","3.68"
"01a52847-e17f-4feb-8fa3-4d2cb0065a58","306912","Birk - B7 (TANK 5)","11/26/2018 10:16 PM","16.2","16.2° C","100","16.2","0","900142","False","84","3.67"
"d67ffa77-5c25-4d69-8bcc-2b714510872a","306912","Birk - B7 (TANK 5)","11/26/2018 10:06 PM","15.8","15.8° C","100","15.8","0","900142","False","82","3.66"
"cc9f2df8-b4ee-4683-9b3d-9d172d359fff","306912","Birk - B7 (TANK 5)","11/26/2018 9:56 PM","15.6","15.6° C","100","15.6","0","900142","False","82","3.66"
"c413f008-9e88-49b7-b174-c17ad22dedb1","306912","Birk - B7 (TANK 5)","11/26/2018 9:46 PM","15.9","15.9° C","100","15.9","0","900142","False","82","3.66"
"f85f3cd8-0a1e-4319-9145-9ba36bd56cc5","306912","Birk - B7 (TANK 5)","11/26/2018 9:36 PM","15.8","15.8° C","100","15.8","0","900142","False","82","3.66"
"33647c00-dda4-439a-ac2b-a24911b1274a","306912","Birk - B7 (TANK 5)","11/26/2018 9:26 PM","15.7","15.7° C","100","15.7","0","900142","False","82","3.66"
"878155ec-b705-4ee9-a58a-633baa987ddf","306912","Birk - B7 (TANK 5)","11/26/2018 9:17 PM","15.4","15.4° C","100","15.4","0","900142","False","82","3.67"
"b55ebb7d-b8a1-4a5b-8350-a193f5817d85","306912","Birk - B7 (TANK 5)","11/26/2018 9:07 PM","15.3","15.3° C","100","15.3","0","900142","False","82","3.64"
"ea94fd78-6b17-4e2c-9983-0035ad1dae60","306912","Birk - B7 (TANK 5)","11/26/2018 8:57 PM","15","15° C","100","15","0","900142","False","82","3.66"
"9c9a6514-430a-421f-84a0-272f4665af05","306912","Birk - B7 (TANK 5)","11/26/2018 8:47 PM","15","15° C","100","15","0","900142","False","82","3.67"
"c5723ce5-84a9-4409-a93d-db43038b86c9","306912","Birk - B7 (TANK 5)","11/26/2018 8:37 PM","15.2","15.2° C","100","15.2","0","900142","False","82","3.66"
"c3c664da-0218-4a31-8496-6cfb25b07a1c","306912","Birk - B7 (TANK 5)","11/26/2018 8:27 PM","15","15° C","100","15","0","900142","False","82","3.67"
"a6c7a488-e38b-4c70-af54-421cd8fd1cd6","306912","Birk - B7 (TANK 5)","11/26/2018 8:17 PM","15","15° C","100","15","0","900142","False","81","3.66"
"308a7b6d-d3b8-41cc-9011-32f7d6c44ab2","306912","Birk - B7 (TANK 5)","11/26/2018 8:07 PM","14.9","14.9° C","100","14.9","0","900142","False","82","3.67"
"0db83218-9d71-4bf9-8068-62b4b2f4ebbd","306912","Birk - B7 (TANK 5)","11/26/2018 7:57 PM","14.1","14.1° C","100","14.1","0","900142","False","82","3.68"
"8c96218e-b3f0-49de-bfa7-4a3c3d6d6bc3","306912","Birk - B7 (TANK 5)","11/26/2018 7:47 PM","13.4","13.4° C","100","13.4","0","900142","False","81","3.66"
"3b8a04d9-210b-4c97-9138-b29960eb2611","306912","Birk - B7 (TANK 5)","11/26/2018 7:37 PM","13.2","13.2° C","100","13.2","0","900142","False","82","3.66"
"93a7fe97-c64b-496e-9a4c-a5bdb3bc03a5","306912","Birk - B7 (TANK 5)","11/26/2018 7:27 PM","13.9","13.9° C","100","13.9","0","900142","False","84","3.68"
"8bdea1ac-ccf8-40dd-8d0c-795236bd0872","306912","Birk - B7 (TANK 5)","11/26/2018 7:17 PM","14.7","14.7° C","100","14.7","0","900142","False","82","3.68"
"efccd7a5-0d9a-486a-83c7-927c974a439a","306912","Birk - B7 (TANK 5)","11/26/2018 7:07 PM","14.4","14.4° C","100","14.4","0","900142","False","82","3.67"
"3a226074-3965-497c-a4f3-889999cbe3f0","306912","Birk - B7 (TANK 5)","11/26/2018 6:57 PM","13.5","13.5° C","100","13.5","0","900142","False","82","3.68"
"d6e1e9f2-fa7d-477e-b5a4-78f4701b44f8","306912","Birk - B7 (TANK 5)","11/26/2018 6:47 PM","13.4","13.4° C","100","13.4","0","900142","False","81","3.68"
"a405a431-e718-421c-a688-0516452a937b","306912","Birk - B7 (TANK 5)","11/26/2018 6:37 PM","13.3","13.3° C","100","13.3","0","900142","False","82","3.67"
"e0af37de-bd4d-4de2-b16e-fb5900418fca","306912","Birk - B7 (TANK 5)","11/26/2018 6:28 PM","14","14° C","100","14","0","900142","False","81","3.66"
"6ca6d596-9e6b-40ce-9e27-c080be900b3b","306912","Birk - B7 (TANK 5)","11/26/2018 6:18 PM","14.7","14.7° C","100","14.7","0","900142","False","82","3.66"
"d48a4bfd-d86b-43a9-b0ef-e61c81d08b43","306912","Birk - B7 (TANK 5)","11/26/2018 6:08 PM","14.3","14.3° C","100","14.3","0","900142","False","84","3.68"
"f72cae9c-63fb-42cf-939e-365b6419ba00","306912","Birk - B7 (TANK 5)","11/26/2018 5:58 PM","13.3","13.3° C","100","13.3","0","900142","False","84","3.68"
"7e44e974-4f32-49b6-baa5-9b834b3d7fd8","306912","Birk - B7 (TANK 5)","11/26/2018 5:48 PM","13.2","13.2° C","100","13.2","0","900142","False","81","3.67"
"2ab80493-1a8b-421d-a194-0920be5adf3c","306912","Birk - B7 (TANK 5)","11/26/2018 5:38 PM","13.6","13.6° C","100","13.6","0","900142","False","82","3.66"
"78e08f2d-0e85-4890-a4b0-016e05c9e0ea","306912","Birk - B7 (TANK 5)","11/26/2018 5:28 PM","14.5","14.5° C","100","14.5","0","900142","False","82","3.66"
"fe1007e7-d1df-4b80-afab-5d0022355333","306912","Birk - B7 (TANK 5)","11/26/2018 5:18 PM","14.5","14.5° C","100","14.5","0","900142","False","81","3.67"
"a11650b6-c437-4855-bc5f-f99741b0bd6f","306912","Birk - B7 (TANK 5)","11/26/2018 5:08 PM","13.9","13.9° C","100","13.9","0","900142","False","84","3.67"
"cd87e223-69ea-4849-8eb3-558d5a3ede68","306912","Birk - B7 (TANK 5)","11/26/2018 4:58 PM","13.8","13.8° C","100","13.8","0","900142","False","78","3.68"
"707d0dbd-3d25-4e8d-b70d-61df106e8a33","306912","Birk - B7 (TANK 5)","11/26/2018 4:48 PM","13.8","13.8° C","100","13.8","0","900142","False","84","3.67"
"998a181f-3590-4a1b-9198-a206ce5039f9","306912","Birk - B7 (TANK 5)","11/26/2018 4:38 PM","13.7","13.7° C","100","13.7","0","900142","False","81","3.67"
"57c4160e-c2e0-4ae1-8e7e-27616b4d8cbf","306912","Birk - B7 (TANK 5)","11/26/2018 1:09 PM","13.5","13.5° C","100","13.5","0","900142","False","90","3.66"
"cf190b69-4713-421e-af19-97e7ac01b7e0","306912","Birk - B7 (TANK 5)","11/26/2018 12:59 PM","13.4","13.4° C","100","13.4","0","900142","False","93","3.68"
"504626e1-bcf7-4110-b05e-86e4ce9ee954","306912","Birk - B7 (TANK 5)","11/26/2018 12:50 PM","13.4","13.4° C","100","13.4","0","900142","False","92","3.67"
"5c6f4091-4b0d-4491-93ae-7d6f93089557","306912","Birk - B7 (TANK 5)","11/26/2018 12:40 PM","13.5","13.5° C","100","13.5","0","900142","False","93","3.66"
"739bd870-25a4-4fca-83e7-fe117ceaf1f3","306912","Birk - B7 (TANK 5)","11/26/2018 12:30 PM","13.7","13.7° C","100","13.7","0","900142","False","92","3.68"
"ea9e3877-20e1-496a-a070-fe709ec4e2cf","306912","Birk - B7 (TANK 5)","11/26/2018 12:20 PM","13.6","13.6° C","100","13.6","0","900142","False","93","3.68"
"218a1546-64c4-426d-9334-da850eccb1e5","306912","Birk - B7 (TANK 5)","11/26/2018 12:10 PM","13.5","13.5° C","100","13.5","0","900142","False","92","3.66"
"438e7eb7-1e76-425b-b7c1-ff7694609dfd","306912","Birk - B7 (TANK 5)","11/26/2018 12:00 PM","13.5","13.5° C","100","13.5","0","900142","False","90","3.65"
"1f59b272-287d-41fc-b190-fc3ec6eab6f6","306912","Birk - B7 (TANK 5)","11/26/2018 11:50 AM","13.4","13.4° C","100","13.4","0","900142","False","88","3.66"
"b72b0635-add4-4c89-bdce-468b325c21bd","306912","Birk - B7 (TANK 5)","11/26/2018 11:40 AM","13.5","13.5° C","100","13.5","0","900142","False","92","3.68"
"f25d7545-cac7-4e14-bd46-8b09210400fe","306912","Birk - B7 (TANK 5)","11/26/2018 11:30 AM","13.6","13.6° C","100","13.6","0","900142","False","90","3.67"
"f6748a23-406f-47ad-98a4-7a4de115cabd","306912","Birk - B7 (TANK 5)","11/26/2018 11:20 AM","13.6","13.6° C","100","13.6","0","900142","False","92","3.67"
"43fc6dea-8ec8-4dc6-81ad-4ddb23fafceb","306912","Birk - B7 (TANK 5)","11/26/2018 11:10 AM","13.6","13.6° C","100","13.6","0","900142","False","94","3.66"
"ab63b054-782d-479b-ad75-e24f4ab8eff1","306912","Birk - B7 (TANK 5)","11/26/2018 11:00 AM","13.4","13.4° C","100","13.4","0","900142","False","92","3.66"
"f8cd49d3-c62f-4cef-8cca-dca6e6dcd791","306912","Birk - B7 (TANK 5)","11/26/2018 10:50 AM","13.4","13.4° C","100","13.4","0","900142","False","94","3.66"
"6090f0d8-8cdf-4d46-b667-2495613c2240","306912","Birk - B7 (TANK 5)","11/26/2018 10:40 AM","13.5","13.5° C","100","13.5","0","900142","False","94","3.67"
"007108fd-f489-490d-b827-80910f0b5925","306912","Birk - B7 (TANK 5)","11/26/2018 10:30 AM","13.7","13.7° C","100","13.7","0","900142","False","92","3.68"
"d739dc55-8470-46b5-bd0d-66a5e0728f28","306912","Birk - B7 (TANK 5)","11/26/2018 10:21 AM","13.6","13.6° C","100","13.6","0","900142","False","94","3.68"
"d1ba2301-eef8-40aa-ae7d-a67955c538aa","306912","Birk - B7 (TANK 5)","11/26/2018 10:11 AM","13.5","13.5° C","100","13.5","0","900142","False","92","3.67"
"2ba28f4d-b5de-44ef-afbb-8633ecbfb765","306912","Birk - B7 (TANK 5)","11/26/2018 10:01 AM","13.4","13.4° C","100","13.4","0","900142","False","85","3.66"
"a93ce7ab-8c8e-4e57-879d-fb9d0807e3f9","306912","Birk - B7 (TANK 5)","11/26/2018 9:51 AM","13.4","13.4° C","100","13.4","0","900142","False","93","3.66"
"cb25a234-89bd-44b6-a5fe-98a229898ca3","306912","Birk - B7 (TANK 5)","11/26/2018 9:41 AM","13.5","13.5° C","100","13.5","0","900142","False","96","3.66"
"2c328ee8-b146-4cd2-84e1-a86576b331a2","306912","Birk - B7 (TANK 5)","11/26/2018 9:31 AM","13.7","13.7° C","100","13.7","0","900142","False","90","3.67"
"ba1b0059-6b37-4c09-bf31-be5607dd8570","306912","Birk - B7 (TANK 5)","11/26/2018 9:21 AM","13.6","13.6° C","100","13.6","0","900142","False","96","3.66"
"36d489a7-a867-4f5b-a0fe-264791da5cdb","306912","Birk - B7 (TANK 5)","11/26/2018 9:11 AM","13.5","13.5° C","100","13.5","0","900142","False","97","3.66"
"6adef78f-3f22-4472-95b2-56769637cd4f","306912","Birk - B7 (TANK 5)","11/26/2018 9:01 AM","13.5","13.5° C","100","13.5","0","900142","False","96","3.65"
"1650e537-4a98-4191-a25f-07145ae432cf","306912","Birk - B7 (TANK 5)","11/26/2018 8:51 AM","13.4","13.4° C","100","13.4","0","900142","False","96","3.66"
"45c84bf3-22ce-4320-9cc2-a4debf462d7b","306912","Birk - B7 (TANK 5)","11/26/2018 8:41 AM","13.4","13.4° C","100","13.4","0","900142","False","96","3.66"
"14c0a85e-7a6d-4988-9313-f811496cdbbf","306912","Birk - B7 (TANK 5)","11/26/2018 8:31 AM","13.5","13.5° C","100","13.5","0","900142","False","96","3.66"
"ae047eea-d0ef-4dfc-afaa-5e768c46c20a","306912","Birk - B7 (TANK 5)","11/26/2018 8:21 AM","13.6","13.6° C","100","13.6","0","900142","False","94","3.67"
"bae22ec2-1b7d-4ebd-9e16-f9624d2b0a9b","306912","Birk - B7 (TANK 5)","11/26/2018 8:11 AM","13.6","13.6° C","100","13.6","0","900142","False","96","3.64"
"8add1e3a-c04b-4010-982c-dafb3735a354","306912","Birk - B7 (TANK 5)","11/26/2018 8:01 AM","13.6","13.6° C","100","13.6","0","900142","False","96","3.66"
"fd757a61-7958-4bdb-b5ac-bb7ebab10ba5","306912","Birk - B7 (TANK 5)","11/26/2018 7:51 AM","13.5","13.5° C","100","13.5","0","900142","False","97","3.67"
"8a1723d4-ff2a-4861-a9e9-796e5288dd07","306912","Birk - B7 (TANK 5)","11/26/2018 7:41 AM","13.5","13.5° C","100","13.5","0","900142","False","97","3.66"
"006ba08a-46ab-447e-b84e-e8c0fcb5486e","306912","Birk - B7 (TANK 5)","11/26/2018 7:32 AM","13.4","13.4° C","100","13.4","0","900142","False","94","3.67"
"6b4777eb-b7ab-42f5-86ba-841506b7c2eb","306912","Birk - B7 (TANK 5)","11/26/2018 7:22 AM","13.4","13.4° C","100","13.4","0","900142","False","94","3.67"
"408a11e4-a596-4104-9f36-223fe16ea147","306912","Birk - B7 (TANK 5)","11/26/2018 7:12 AM","13.5","13.5° C","100","13.5","0","900142","False","94","3.68"
"6de79a87-2608-44e0-bcab-76695130ecc4","306912","Birk - B7 (TANK 5)","11/26/2018 7:02 AM","13.7","13.7° C","100","13.7","0","900142","False","96","3.67"
"1206da02-0fd1-42a7-bd53-8f8c6024caf4","306912","Birk - B7 (TANK 5)","11/26/2018 6:52 AM","13.6","13.6° C","100","13.6","0","900142","False","94","3.67"
"3821cafc-153f-4414-9176-e03b915200cc","306912","Birk - B7 (TANK 5)","11/26/2018 6:42 AM","13.6","13.6° C","100","13.6","0","900142","False","96","3.67"
"524096c2-fdb7-4ad1-8a47-11e5abfd93cd","306912","Birk - B7 (TANK 5)","11/26/2018 6:32 AM","13.5","13.5° C","100","13.5","0","900142","False","96","3.67"
"8808c481-d1d6-424a-bb45-2ceb2ab702cb","306912","Birk - B7 (TANK 5)","11/26/2018 6:22 AM","13.5","13.5° C","100","13.5","0","900142","False","96","3.67"
"8f5d1080-619b-4884-83c9-6ec01263c2b6","306912","Birk - B7 (TANK 5)","11/26/2018 6:12 AM","13.5","13.5° C","100","13.5","0","900142","False","96","3.66"
"4c21359a-c1fc-4c2c-8d5f-1368f8ec6ba9","306912","Birk - B7 (TANK 5)","11/26/2018 6:02 AM","13.5","13.5° C","100","13.5","0","900142","False","96","3.67"
"5f4231a2-1e43-47a5-aff3-d1ffdbdb6243","306912","Birk - B7 (TANK 5)","11/26/2018 5:52 AM","13.4","13.4° C","100","13.4","0","900142","False","96","3.67"
"62f4985b-e440-4453-97d9-6f05e040033a","306912","Birk - B7 (TANK 5)","11/26/2018 5:42 AM","13.5","13.5° C","100","13.5","0","900142","False","97","3.67"
"6be4529f-6d22-40d3-90e6-bf4bd209ca8f","306912","Birk - B7 (TANK 5)","11/26/2018 5:32 AM","13.7","13.7° C","100","13.7","0","900142","False","96","3.65"
"47525b50-6441-4663-bf15-19ed65920535","306912","Birk - B7 (TANK 5)","11/26/2018 5:22 AM","13.6","13.6° C","100","13.6","0","900142","False","94","3.66"
"9b6441c4-cbad-4511-927c-e70adce251e5","306912","Birk - B7 (TANK 5)","11/26/2018 5:12 AM","13.6","13.6° C","100","13.6","0","900142","False","97","3.68"
"23cd9bb7-d075-4118-becc-523ac8eaa29b","306912","Birk - B7 (TANK 5)","11/26/2018 5:03 AM","13.5","13.5° C","100","13.5","0","900142","False","96","3.67"
"5e404ff8-1b2e-435b-8543-7c65c90b2166","306912","Birk - B7 (TANK 5)","11/26/2018 4:53 AM","13.5","13.5° C","100","13.5","0","900142","False","97","3.67"
"e45cdacb-2e3d-4fd8-9046-35d3d03947c4","306912","Birk - B7 (TANK 5)","11/26/2018 4:43 AM","13.5","13.5° C","100","13.5","0","900142","False","94","3.66"
"7479806b-e9b6-449e-9e99-e2893992f8a5","306912","Birk - B7 (TANK 5)","11/26/2018 4:33 AM","13.4","13.4° C","100","13.4","0","900142","False","94","3.67"
"8600bb81-cf4f-4044-9ee3-cc1c44540c4f","306912","Birk - B7 (TANK 5)","11/26/2018 4:23 AM","13.4","13.4° C","100","13.4","0","900142","False","94","3.66"
"40b46d40-6102-4b62-b1b7-8122034558b0","306912","Birk - B7 (TANK 5)","11/26/2018 4:13 AM","13.5","13.5° C","100","13.5","0","900142","False","94","3.68"
"17070f01-5e18-427f-9255-4b3ff0a6a111","306912","Birk - B7 (TANK 5)","11/26/2018 4:03 AM","13.7","13.7° C","100","13.7","0","900142","False","94","3.67"
"aafd4fa0-a251-4842-894e-662b78dbbf08","306912","Birk - B7 (TANK 5)","11/26/2018 3:53 AM","13.7","13.7° C","100","13.7","0","900142","False","94","3.67"
"9474938e-65f9-4199-9163-27c3bc2fc6eb","306912","Birk - B7 (TANK 5)","11/26/2018 3:43 AM","13.6","13.6° C","100","13.6","0","900142","False","94","3.67"
"fd7e6a52-ffbf-40db-bd98-90df23adbd09","306912","Birk - B7 (TANK 5)","11/26/2018 3:33 AM","13.5","13.5° C","100","13.5","0","900142","False","94","3.66"
"cc409f9a-953f-48e5-8e75-5b6be5bad184","306912","Birk - B7 (TANK 5)","11/26/2018 3:23 AM","13.5","13.5° C","100","13.5","0","900142","False","97","3.66"
"6800d54c-7665-4429-9ae0-4e7f86664b1f","306912","Birk - B7 (TANK 5)","11/26/2018 3:13 AM","13.5","13.5° C","100","13.5","0","900142","False","94","3.66"
"a4de95fe-1ced-469f-b325-25526df1de94","306912","Birk - B7 (TANK 5)","11/26/2018 3:03 AM","13.5","13.5° C","100","13.5","0","900142","False","94","3.67"
"4de4f7cf-7caa-474f-b7be-f1bd6100a139","306912","Birk - B7 (TANK 5)","11/26/2018 2:53 AM","13.4","13.4° C","100","13.4","0","900142","False","94","3.66"
"861f8b9c-4b8d-4a8f-86b4-f275e01051d6","306912","Birk - B7 (TANK 5)","11/26/2018 2:43 AM","13.4","13.4° C","100","13.4","0","900142","False","97","3.67"
"28214e42-8bac-4e65-b9dc-49a8d20df2bc","306912","Birk - B7 (TANK 5)","11/26/2018 2:33 AM","13.6","13.6° C","100","13.6","0","900142","False","97","3.65"
"79637fbd-2255-4bda-84f6-70567c03e1e7","306912","Birk - B7 (TANK 5)","11/26/2018 2:24 AM","13.7","13.7° C","100","13.7","0","900142","False","94","3.66"
"558c7e06-1471-45b9-ac35-8655fb3c8955","306912","Birk - B7 (TANK 5)","11/26/2018 2:14 AM","13.7","13.7° C","100","13.7","0","900142","False","94","3.66"
"a247b4da-0f17-4e8b-b023-e76bcd39cf49","306912","Birk - B7 (TANK 5)","11/26/2018 2:04 AM","13.6","13.6° C","100","13.6","0","900142","False","94","3.66"
"80420e43-82dd-4fe4-b602-406925c854dc","306912","Birk - B7 (TANK 5)","11/26/2018 1:54 AM","13.5","13.5° C","100","13.5","0","900142","False","94","3.67"
"fcdc121e-3a67-452f-8cb4-8d0f38fad6aa","306912","Birk - B7 (TANK 5)","11/26/2018 1:44 AM","13.5","13.5° C","100","13.5","0","900142","False","94","3.65"
"f566079a-bd0d-4285-8f2d-e9b309c61406","306912","Birk - B7 (TANK 5)","11/26/2018 1:34 AM","13.5","13.5° C","100","13.5","0","900142","False","94","3.67"
"0492e01d-e71e-4719-ad62-2a75ae918201","306912","Birk - B7 (TANK 5)","11/26/2018 1:24 AM","13.4","13.4° C","100","13.4","0","900142","False","94","3.67"
"257fbe74-d2d1-4622-9cd5-e330310b779d","306912","Birk - B7 (TANK 5)","11/26/2018 1:14 AM","13.4","13.4° C","100","13.4","0","900142","False","94","3.66"
"f2742153-210b-4ae1-b699-cbe2af523fc8","306912","Birk - B7 (TANK 5)","11/26/2018 1:04 AM","13.5","13.5° C","100","13.5","0","900142","False","94","3.67"
"e31a3f2a-8d7b-447c-acaa-741d3b0fb4c9","306912","Birk - B7 (TANK 5)","11/26/2018 12:54 AM","13.7","13.7° C","100","13.7","0","900142","False","94","3.67"
"5428da18-08be-401d-8d7a-cfb0ed1a8521","306912","Birk - B7 (TANK 5)","11/26/2018 12:44 AM","13.6","13.6° C","100","13.6","0","900142","False","94","3.67"
"539d4d41-8a95-4ba1-a728-ab5546d59235","306912","Birk - B7 (TANK 5)","11/26/2018 12:34 AM","13.6","13.6° C","100","13.6","0","900142","False","94","3.68"
"9ac8dc44-02e5-4a29-8c01-d807d17d626f","306912","Birk - B7 (TANK 5)","11/26/2018 12:24 AM","13.6","13.6° C","100","13.6","0","900142","False","94","3.67"
"5ab5e731-9dc2-4d3e-ab93-38b0ef1206f8","306912","Birk - B7 (TANK 5)","11/26/2018 12:14 AM","13.5","13.5° C","100","13.5","0","900142","False","94","3.66"
"90c774c1-a6ae-4141-8601-51c62b665f1a","306912","Birk - B7 (TANK 5)","11/26/2018 12:04 AM","13.4","13.4° C","100","13.4","0","900142","False","96","3.68"
"63a71d28-ddb6-4c4f-948a-219d9b2a1ea3","306912","Birk - B7 (TANK 5)","11/25/2018 11:55 PM","13.4","13.4° C","100","13.4","0","900142","False","94","3.66"
"6633ab5d-fee7-4d49-80d8-8d66625d953f","306912","Birk - B7 (TANK 5)","11/25/2018 11:45 PM","13.4","13.4° C","100","13.4","0","900142","False","96","3.66"
"d48dd13a-25c5-4e1d-b8e1-3e548a48c7de","306912","Birk - B7 (TANK 5)","11/25/2018 11:35 PM","13.6","13.6° C","100","13.6","0","900142","False","96","3.67"
"72fc892b-f0b8-4210-9bea-1c299e3a48b7","306912","Birk - B7 (TANK 5)","11/25/2018 11:25 PM","13.7","13.7° C","100","13.7","0","900142","False","94","3.67"
"2c3e9eca-4fc6-4456-a73e-4af02539ef3f","306912","Birk - B7 (TANK 5)","11/25/2018 11:15 PM","13.6","13.6° C","100","13.6","0","900142","False","97","3.67"
"c3d83305-0ac1-4d3c-a25e-7532ec87ff4a","306912","Birk - B7 (TANK 5)","11/25/2018 11:05 PM","13.6","13.6° C","100","13.6","0","900142","False","94","3.66"
"24331f77-968f-4a89-94f4-37d644d0b0d9","306912","Birk - B7 (TANK 5)","11/25/2018 10:55 PM","13.5","13.5° C","100","13.5","0","900142","False","94","3.66"
"b4681a85-199c-4cad-b892-14b3d0190707","306912","Birk - B7 (TANK 5)","11/25/2018 10:45 PM","13.5","13.5° C","100","13.5","0","900142","False","94","3.67"
"b9823827-0443-4aab-9ff8-c84e3dc1b2d4","306912","Birk - B7 (TANK 5)","11/25/2018 10:35 PM","13.4","13.4° C","100","13.4","0","900142","False","97","3.67"
"04a5c1cf-dac6-45ad-8b0a-109127ae28af","306912","Birk - B7 (TANK 5)","11/25/2018 10:25 PM","13.4","13.4° C","100","13.4","0","900142","False","94","3.67"
"1ed2dc2d-e8b0-485e-8ec8-d78929efb909","306912","Birk - B7 (TANK 5)","11/25/2018 10:15 PM","13.5","13.5° C","100","13.5","0","900142","False","94","3.67"
"d8f3b4bc-143d-48b0-b2d6-187cd8585c3a","306912","Birk - B7 (TANK 5)","11/25/2018 10:05 PM","13.7","13.7° C","100","13.7","0","900142","False","94","3.67"
"4aa496fb-e07c-4513-9c77-d5e05c0da4fe","306912","Birk - B7 (TANK 5)","11/25/2018 9:55 PM","13.6","13.6° C","100","13.6","0","900142","False","94","3.66"
"f1f0de28-2fc2-466e-9636-e65da9bb0a36","306912","Birk - B7 (TANK 5)","11/25/2018 9:45 PM","13.6","13.6° C","100","13.6","0","900142","False","97","3.66"
"689575ef-5354-4830-b0f1-02499fc9efa3","306912","Birk - B7 (TANK 5)","11/25/2018 9:35 PM","13.5","13.5° C","100","13.5","0","900142","False","94","3.66"
"b9072551-4e85-446f-a910-02cbfef7675b","306912","Birk - B7 (TANK 5)","11/25/2018 9:25 PM","13.5","13.5° C","100","13.5","0","900142","False","94","3.67"
"94fac72f-8082-4c6f-92ba-4dab3f216a49","306912","Birk - B7 (TANK 5)","11/25/2018 9:16 PM","13.5","13.5° C","100","13.5","0","900142","False","94","3.67"
"a9a0396a-c0d6-4032-955b-a687c675c24c","306912","Birk - B7 (TANK 5)","11/25/2018 9:06 PM","13.4","13.4° C","100","13.4","0","900142","False","96","3.66"
"75cd1fdc-65fe-4981-ae9e-6a19845ae8fc","306912","Birk - B7 (TANK 5)","11/25/2018 8:56 PM","13.4","13.4° C","100","13.4","0","900142","False","94","3.66"
"829643e3-2dbb-45fa-b703-b4a8db65d2bc","306912","Birk - B7 (TANK 5)","11/25/2018 8:46 PM","13.5","13.5° C","100","13.5","0","900142","False","94","3.66"
"8b4b7201-33e1-4453-9808-31f61610d50e","306912","Birk - B7 (TANK 5)","11/25/2018 8:36 PM","13.7","13.7° C","100","13.7","0","900142","False","97","3.67"
"1b08f3d1-eb06-47c1-af4f-7bbc837bb0db","306912","Birk - B7 (TANK 5)","11/25/2018 8:26 PM","13.6","13.6° C","100","13.6","0","900142","False","94","3.66"
"8610c701-07ff-4a56-9efd-f4a1e6842695","306912","Birk - B7 (TANK 5)","11/25/2018 8:16 PM","13.6","13.6° C","100","13.6","0","900142","False","94","3.68"
"2ed97c19-54a5-4efa-aa04-1265385c413a","306912","Birk - B7 (TANK 5)","11/25/2018 8:06 PM","13.5","13.5° C","100","13.5","0","900142","False","94","3.64"
"4034b26b-cff7-44ba-8382-815683030025","306912","Birk - B7 (TANK 5)","11/25/2018 7:56 PM","13.5","13.5° C","100","13.5","0","900142","False","94","3.66"
"1fd4da4f-e999-43d1-919f-dc121f681039","306912","Birk - B7 (TANK 5)","11/25/2018 7:46 PM","13.4","13.4° C","100","13.4","0","900142","False","94","3.66"
"cf6c9cd1-323e-4163-ab0c-ba6c11171bc9","306912","Birk - B7 (TANK 5)","11/25/2018 7:36 PM","13.4","13.4° C","100","13.4","0","900142","False","97","3.66"
"554d0320-2a4d-4660-ada5-9c37b7d114da","306912","Birk - B7 (TANK 5)","11/25/2018 7:26 PM","13.5","13.5° C","100","13.5","0","900142","False","94","3.66"
"6da40ab6-ddfa-4b6b-bf4d-7dce0756976c","306912","Birk - B7 (TANK 5)","11/25/2018 7:16 PM","13.7","13.7° C","100","13.7","0","900142","False","94","3.65"
"6caec21c-42ec-4647-9f7d-6ae48dc220b9","306912","Birk - B7 (TANK 5)","11/25/2018 7:06 PM","13.6","13.6° C","100","13.6","0","900142","False","96","3.67"
"f0ce9819-6427-4844-817b-8fba5369c21f","306912","Birk - B7 (TANK 5)","11/25/2018 6:56 PM","13.6","13.6° C","100","13.6","0","900142","False","96","3.68"
"449cd507-7572-4c1c-bc9b-a2e50689f318","306912","Birk - B7 (TANK 5)","11/25/2018 6:46 PM","13.5","13.5° C","100","13.5","0","900142","False","94","3.66"
"486a1906-6c18-4d1f-b13e-11e19bf90d8c","306912","Birk - B7 (TANK 5)","11/25/2018 6:36 PM","13.5","13.5° C","100","13.5","0","900142","False","94","3.66"
"3ad05219-adc0-4f04-b892-7ddc00b7b474","306912","Birk - B7 (TANK 5)","11/25/2018 6:27 PM","13.4","13.4° C","100","13.4","0","900142","False","94","3.69"
"b9543696-9179-417e-b853-dc82be846043","306912","Birk - B7 (TANK 5)","11/25/2018 6:17 PM","13.4","13.4° C","100","13.4","0","900142","False","94","3.67"
"62abe087-1ff8-41f2-b0a2-2dd44fd90d2d","306912","Birk - B7 (TANK 5)","11/25/2018 6:07 PM","13.5","13.5° C","100","13.5","0","900142","False","96","3.68"
"17e3177a-59a9-4e6b-a223-eba8b2317b32","306912","Birk - B7 (TANK 5)","11/25/2018 5:57 PM","13.7","13.7° C","100","13.7","0","900142","False","96","3.67"
"fff76d24-e755-4f58-9a09-c46e7823f34f","306912","Birk - B7 (TANK 5)","11/25/2018 5:47 PM","13.6","13.6° C","100","13.6","0","900142","False","96","3.67"
"87505ed2-2649-42af-80d2-aab930e2a9e5","306912","Birk - B7 (TANK 5)","11/25/2018 5:37 PM","13.6","13.6° C","100","13.6","0","900142","False","96","3.67"
"2a0a394b-d4df-46ce-bfac-6452eb8d1bc2","306912","Birk - B7 (TANK 5)","11/25/2018 5:27 PM","13.6","13.6° C","100","13.6","0","900142","False","97","3.66"
"a3282a01-76bb-45fb-912e-3e47011bcaad","306912","Birk - B7 (TANK 5)","11/25/2018 5:17 PM","13.5","13.5° C","100","13.5","0","900142","False","96","3.66"
"16b52c90-1dc8-4196-862e-217a90efac5d","306912","Birk - B7 (TANK 5)","11/25/2018 5:07 PM","13.4","13.4° C","100","13.4","0","900142","False","96","3.68"
"968c9e54-24d7-4b08-9908-7628e85278aa","306912","Birk - B7 (TANK 5)","11/25/2018 4:57 PM","13.3","13.3° C","100","13.3","0","900142","False","96","3.68"
"eab27519-3397-4f46-9fec-8a513217ae1f","306912","Birk - B7 (TANK 5)","11/25/2018 4:47 PM","13.5","13.5° C","100","13.5","0","900142","False","96","3.67"
"6b359179-768e-42ac-849e-f3ec768cba6f","306912","Birk - B7 (TANK 5)","11/25/2018 4:37 PM","13.7","13.7° C","100","13.7","0","900142","False","94","3.66"
"bb645f84-954b-4fe1-a650-2a513bf86215","306912","Birk - B7 (TANK 5)","11/25/2018 4:27 PM","13.6","13.6° C","100","13.6","0","900142","False","94","3.67"
"0c1292eb-bf09-46da-ad6c-3db345427041","306912","Birk - B7 (TANK 5)","11/25/2018 4:17 PM","13.6","13.6° C","100","13.6","0","900142","False","94","3.67"
"2fa00e78-f8ab-431c-b526-38e2f95e7128","306912","Birk - B7 (TANK 5)","11/25/2018 4:07 PM","13.5","13.5° C","100","13.5","0","900142","False","96","3.67"
"d09fc176-2abb-4817-995e-04f523b88358","306912","Birk - B7 (TANK 5)","11/25/2018 3:57 PM","13.5","13.5° C","100","13.5","0","900142","False","96","3.67"
"fe78e4e7-789f-467e-ab36-6afdf4f01a55","306912","Birk - B7 (TANK 5)","11/25/2018 3:47 PM","13.5","13.5° C","100","13.5","0","900142","False","97","3.68"
"baa73672-ede9-407c-bb48-74bc3e43b768","306912","Birk - B7 (TANK 5)","11/25/2018 3:38 PM","13.4","13.4° C","100","13.4","0","900142","False","94","3.67"
"2e67f002-e523-4da0-b253-3fb31d3514f6","306912","Birk - B7 (TANK 5)","11/25/2018 3:28 PM","13.5","13.5° C","100","13.5","0","900142","False","94","3.66"
"17119fe7-24db-41c4-b018-1c96687cde2e","306912","Birk - B7 (TANK 5)","11/25/2018 3:18 PM","13.6","13.6° C","100","13.6","0","900142","False","94","3.66"
"805b692f-1075-4078-a27f-2ef03092856e","306912","Birk - B7 (TANK 5)","11/25/2018 3:08 PM","13.6","13.6° C","100","13.6","0","900142","False","88","3.67"
"db7d7c43-b3c6-4c3d-8e9d-57dcf092efd2","306912","Birk - B7 (TANK 5)","11/25/2018 2:58 PM","13.6","13.6° C","100","13.6","0","900142","False","100","3.67"
"fa916a3c-fa1e-4acb-b76a-5e9e1d8c769d","306912","Birk - B7 (TANK 5)","11/25/2018 2:48 PM","13.5","13.5° C","100","13.5","0","900142","False","93","3.67"
"76dafea9-9950-405d-a6c9-058a85f0b321","306912","Birk - B7 (TANK 5)","11/25/2018 2:38 PM","13.4","13.4° C","100","13.4","0","900142","False","94","3.66"
"0b3feeb9-bf03-4a3d-acca-21ab5b7f5b5a","306912","Birk - B7 (TANK 5)","11/25/2018 2:28 PM","13.4","13.4° C","100","13.4","0","900142","False","94","3.65"
"4807b866-ad94-4d96-a3bd-a3ba0c4bfb70","306912","Birk - B7 (TANK 5)","11/25/2018 2:18 PM","13.4","13.4° C","100","13.4","0","900142","False","94","3.65"
"2325d99b-c679-4d34-8f0d-851676c0661f","306912","Birk - B7 (TANK 5)","11/25/2018 2:08 PM","13.5","13.5° C","100","13.5","0","900142","False","94","3.66"
"f1685a29-6d72-4cc8-acb2-04ae7b71fbb0","306912","Birk - B7 (TANK 5)","11/25/2018 1:58 PM","13.7","13.7° C","100","13.7","0","900142","False","93","3.66"
"0bc7121e-3967-4b91-afe8-4585b2cc34b7","306912","Birk - B7 (TANK 5)","11/25/2018 1:48 PM","13.6","13.6° C","100","13.6","0","900142","False","96","3.67"
"e5f89b6e-0e15-40b6-924d-38bc43ac0ec7","306912","Birk - B7 (TANK 5)","11/25/2018 1:38 PM","13.6","13.6° C","100","13.6","0","900142","False","94","3.64"
"f0778ae0-650a-4c1a-8bc9-d7a6f566b30c","306912","Birk - B7 (TANK 5)","11/25/2018 1:28 PM","13.6","13.6° C","100","13.6","0","900142","False","100","3.67"
"f01f2f04-824a-4f39-9398-11a82b92972e","306912","Birk - B7 (TANK 5)","11/25/2018 1:18 PM","13.5","13.5° C","100","13.5","0","900142","False","94","3.66"
"445adaa5-03c6-4532-b8c5-af3f731c14f5","306912","Birk - B7 (TANK 5)","11/25/2018 1:08 PM","13.4","13.4° C","100","13.4","0","900142","False","94","3.66"
"57c5f68a-23d1-439c-81b5-d12dcc48886d","306912","Birk - B7 (TANK 5)","11/25/2018 12:58 PM","13.3","13.3° C","100","13.3","0","900142","False","94","3.66"
"9ba07338-8807-424a-aa79-8675bf494b80","306912","Birk - B7 (TANK 5)","11/25/2018 12:48 PM","13.5","13.5° C","100","13.5","0","900142","False","94","3.67"
"cf444cf6-ab2c-4c69-abea-d2f54ff57928","306912","Birk - B7 (TANK 5)","11/25/2018 12:38 PM","13.8","13.8° C","100","13.8","0","900142","False","94","3.67"
"f90c9e91-d048-437a-8ee4-cb3eecbfe358","306912","Birk - B7 (TANK 5)","11/25/2018 12:29 PM","13.7","13.7° C","100","13.7","0","900142","False","94","3.67"
"2d15e57b-5e93-4f07-a6d0-6f90ba156afa","306912","Birk - B7 (TANK 5)","11/25/2018 12:19 PM","13.6","13.6° C","100","13.6","0","900142","False","96","3.67"
"6439686e-60e5-480d-a2e3-3b2f082d3b58","306912","Birk - B7 (TANK 5)","11/25/2018 12:09 PM","13.6","13.6° C","100","13.6","0","900142","False","96","3.66"
"c0ffe930-582a-4a0e-8dee-c4a20855bcc5","306912","Birk - B7 (TANK 5)","11/25/2018 11:59 AM","13.5","13.5° C","100","13.5","0","900142","False","94","3.68"
"3006b6c1-8591-4a3b-a147-2fa0e9e6e1a9","306912","Birk - B7 (TANK 5)","11/25/2018 11:49 AM","13.5","13.5° C","100","13.5","0","900142","False","94","3.67"
"ad298f9c-f726-4b30-809a-447f23b21e60","306912","Birk - B7 (TANK 5)","11/25/2018 11:39 AM","13.4","13.4° C","100","13.4","0","900142","False","97","3.67"
"a1528041-9ee1-4b67-b684-19ce8659ec3c","306912","Birk - B7 (TANK 5)","11/25/2018 11:29 AM","13.4","13.4° C","100","13.4","0","900142","False","94","3.67"
"af798b13-babe-4a9a-9f1e-f61efc40f25d","306912","Birk - B7 (TANK 5)","11/25/2018 11:19 AM","13.5","13.5° C","100","13.5","0","900142","False","93","3.67"
"1c3cac44-ff45-4473-95f6-8d8b73c57337","306912","Birk - B7 (TANK 5)","11/25/2018 11:09 AM","13.7","13.7° C","100","13.7","0","900142","False","94","3.67"
"cbec0074-b849-4660-bb54-a866e0cf7b3b","306912","Birk - B7 (TANK 5)","11/25/2018 10:59 AM","13.6","13.6° C","100","13.6","0","900142","False","96","3.65"
"9c8abbbf-08dd-4bc3-89a7-d50436630e63","306912","Birk - B7 (TANK 5)","11/25/2018 10:49 AM","13.6","13.6° C","100","13.6","0","900142","False","94","3.66"
"8673edc0-1b63-4e80-b4a1-0d30c15a8725","306912","Birk - B7 (TANK 5)","11/25/2018 10:39 AM","13.5","13.5° C","100","13.5","0","900142","False","94","3.68"
"516e2606-6065-4816-b2d0-1078d5eed457","306912","Birk - B7 (TANK 5)","11/25/2018 10:29 AM","13.4","13.4° C","100","13.4","0","900142","False","92","3.67"
"b78352dc-4cec-41e8-9aa6-1f20c8fd95f4","306912","Birk - B7 (TANK 5)","11/25/2018 10:19 AM","13.4","13.4° C","100","13.4","0","900142","False","94","3.67"
"f2ed6b8c-b5b1-42f6-b3e3-8494aac64252","306912","Birk - B7 (TANK 5)","11/25/2018 10:09 AM","13.6","13.6° C","100","13.6","0","900142","False","94","3.66"
"444179eb-3c35-4795-bca5-42008dce2aa5","306912","Birk - B7 (TANK 5)","11/25/2018 9:59 AM","13.7","13.7° C","100","13.7","0","900142","False","93","3.67"
"628081f7-cd69-42ae-9975-c5d98a6838ca","306912","Birk - B7 (TANK 5)","11/25/2018 9:49 AM","13.6","13.6° C","100","13.6","0","900142","False","84","3.66"
"26cb306c-a099-48ac-9f13-62d169686be4","306912","Birk - B7 (TANK 5)","11/25/2018 9:39 AM","13.5","13.5° C","100","13.5","0","900142","False","93","3.67"
"0bb419f7-7672-4e53-ae34-4d5b295f00c4","306912","Birk - B7 (TANK 5)","11/25/2018 9:29 AM","13.5","13.5° C","100","13.5","0","900142","False","94","3.67"
"39072175-c6e0-41c5-8626-5330d0a5a3d8","306912","Birk - B7 (TANK 5)","11/25/2018 9:20 AM","13.4","13.4° C","100","13.4","0","900142","False","92","3.69"
"3670e304-f9bd-4a68-9c00-2e10877a96b6","306912","Birk - B7 (TANK 5)","11/25/2018 9:10 AM","13.4","13.4° C","100","13.4","0","900142","False","94","3.67"
"e0e38503-563c-49c5-8b2a-0aa25cc4a0e3","306912","Birk - B7 (TANK 5)","11/25/2018 9:00 AM","13.5","13.5° C","100","13.5","0","900142","False","93","3.66"
"d8e49e11-f12f-4a47-a667-b7e84fb11ff8","306912","Birk - B7 (TANK 5)","11/25/2018 8:50 AM","13.7","13.7° C","100","13.7","0","900142","False","93","3.67"
"8773943d-880d-4854-8f7e-fbd9d897aabe","306912","Birk - B7 (TANK 5)","11/25/2018 8:40 AM","13.6","13.6° C","100","13.6","0","900142","False","93","3.67"
"32b2145a-8f0f-4efc-b589-d22c94ad9ece","306912","Birk - B7 (TANK 5)","11/25/2018 8:30 AM","13.6","13.6° C","100","13.6","0","900142","False","93","3.68"
"aae6da17-dfda-4984-9bd5-268fe23fac41","306912","Birk - B7 (TANK 5)","11/25/2018 8:20 AM","13.5","13.5° C","100","13.5","0","900142","False","92","3.67"
"059f48d7-6eb2-42f3-932b-f5283abea531","306912","Birk - B7 (TANK 5)","11/25/2018 8:10 AM","13.4","13.4° C","100","13.4","0","900142","False","93","3.67"
"4c3d81a6-c19e-4358-af20-f588a1270481","306912","Birk - B7 (TANK 5)","11/25/2018 8:00 AM","13.4","13.4° C","100","13.4","0","900142","False","93","3.65"
"718f43b2-0ecb-4c28-8938-2fc73b2e254f","306912","Birk - B7 (TANK 5)","11/25/2018 7:50 AM","13.4","13.4° C","100","13.4","0","900142","False","93","3.66"
"5578cb7c-38d4-41ea-919c-d2d817b9abcc","306912","Birk - B7 (TANK 5)","11/25/2018 7:40 AM","13.5","13.5° C","100","13.5","0","900142","False","92","3.66"
"fa7dcc9e-0b6f-437a-a290-5847ae410c9f","306912","Birk - B7 (TANK 5)","11/25/2018 7:30 AM","13.7","13.7° C","100","13.7","0","900142","False","92","3.66"
"39e3c151-9f4f-4b8b-a994-bf06cde56274","306912","Birk - B7 (TANK 5)","11/25/2018 7:20 AM","13.6","13.6° C","100","13.6","0","900142","False","93","3.67"
"bd38326f-bc5c-4827-a57d-181a31a73de8","306912","Birk - B7 (TANK 5)","11/25/2018 7:10 AM","13.6","13.6° C","100","13.6","0","900142","False","93","3.65"
"9a985456-46f8-4946-8b9b-f58e24dd3caf","306912","Birk - B7 (TANK 5)","11/25/2018 7:00 AM","13.6","13.6° C","100","13.6","0","900142","False","92","3.67"
"7d3d2fa3-08e4-46c1-b72f-3c6fd058bd00","306912","Birk - B7 (TANK 5)","11/25/2018 6:50 AM","13.6","13.6° C","100","13.6","0","900142","False","93","3.67"
"86fada6a-631b-4860-92c7-4094325d961b","306912","Birk - B7 (TANK 5)","11/25/2018 6:41 AM","13.5","13.5° C","100","13.5","0","900142","False","92","3.66"
"704505d4-9611-4ea5-9e13-92fe8eb26d64","306912","Birk - B7 (TANK 5)","11/25/2018 6:31 AM","13.3","13.3° C","100","13.3","0","900142","False","92","3.67"
"42362f51-990a-46b5-a769-f4ea17af4a20","306912","Birk - B7 (TANK 5)","11/25/2018 6:21 AM","13.4","13.4° C","100","13.4","0","900142","False","92","3.66"
"a0ee50ee-ed35-4573-a7ae-7e443c72ce88","306912","Birk - B7 (TANK 5)","11/25/2018 6:11 AM","13.6","13.6° C","100","13.6","0","900142","False","93","3.66"
"7d21e7cb-7ec8-4570-a5f6-ff7a9e055388","306912","Birk - B7 (TANK 5)","11/25/2018 6:01 AM","13.7","13.7° C","100","13.7","0","900142","False","92","3.67"
"7ac07eb0-dc73-48a2-a263-b0d91c910297","306912","Birk - B7 (TANK 5)","11/25/2018 5:51 AM","13.7","13.7° C","100","13.7","0","900142","False","93","3.67"
"460c5937-fb4a-4990-a469-6cc9d3193452","306912","Birk - B7 (TANK 5)","11/25/2018 5:41 AM","13.6","13.6° C","100","13.6","0","900142","False","93","3.67"
"34765b28-6433-45f1-a671-f728ec5a48c5","306912","Birk - B7 (TANK 5)","11/25/2018 5:31 AM","13.6","13.6° C","100","13.6","0","900142","False","92","3.68"
"a3fbf6c3-42c5-4bf3-bd98-15e9cfd50cad","306912","Birk - B7 (TANK 5)","11/25/2018 5:21 AM","13.6","13.6° C","100","13.6","0","900142","False","93","3.67"
"039104cc-8207-4922-a08f-d59334633d95","306912","Birk - B7 (TANK 5)","11/25/2018 5:11 AM","13.5","13.5° C","100","13.5","0","900142","False","93","3.66"
"93262059-0573-45ae-a714-1359138559c6","306912","Birk - B7 (TANK 5)","11/25/2018 5:01 AM","13.4","13.4° C","100","13.4","0","900142","False","92","3.68"
"99d0d964-3752-4d49-9551-9842cc3878c0","306912","Birk - B7 (TANK 5)","11/25/2018 4:51 AM","13.3","13.3° C","100","13.3","0","900142","False","93","3.67"
"ad1ea96b-133b-4e0b-a9c9-440d0da7d28a","306912","Birk - B7 (TANK 5)","11/25/2018 4:41 AM","13.4","13.4° C","100","13.4","0","900142","False","93","3.67"
"b23eac8f-c0bd-4612-8f7c-07ee786c3505","306912","Birk - B7 (TANK 5)","11/25/2018 4:31 AM","13.7","13.7° C","100","13.7","0","900142","False","92","3.65"
"23fec104-b5a8-4e4b-aadc-8853240aeafd","306912","Birk - B7 (TANK 5)","11/25/2018 4:21 AM","13.7","13.7° C","100","13.7","0","900142","False","93","3.66"
"0297f78c-52fc-4df1-a0a3-fa9f4492306b","306912","Birk - B7 (TANK 5)","11/25/2018 4:11 AM","13.6","13.6° C","100","13.6","0","900142","False","93","3.68"
"905415fd-026d-4bab-b17d-1401e0ba5b1f","306912","Birk - B7 (TANK 5)","11/25/2018 4:02 AM","13.6","13.6° C","100","13.6","0","900142","False","93","3.67"
"425708b6-feab-4023-b791-a2e10ca098b7","306912","Birk - B7 (TANK 5)","11/25/2018 3:52 AM","13.5","13.5° C","100","13.5","0","900142","False","93","3.67"
"120f6652-7ded-442c-bbda-a9dff3485004","306912","Birk - B7 (TANK 5)","11/25/2018 3:42 AM","13.5","13.5° C","100","13.5","0","900142","False","92","3.67"
"be2cf38e-ecdd-4f4c-b343-1572227865ff","306912","Birk - B7 (TANK 5)","11/25/2018 3:32 AM","13.4","13.4° C","100","13.4","0","900142","False","93","3.66"
"ac856746-f4a8-4fd0-b180-1f5115de2d2e","306912","Birk - B7 (TANK 5)","11/25/2018 3:22 AM","13.4","13.4° C","100","13.4","0","900142","False","93","3.66"
"43ef0d70-433d-4c76-a087-f6cb1785d5db","306912","Birk - B7 (TANK 5)","11/25/2018 3:12 AM","13.3","13.3° C","100","13.3","0","900142","False","92","3.67"
"7652e733-e2ef-4377-b99a-aa08886a44be","306912","Birk - B7 (TANK 5)","11/25/2018 3:02 AM","13.5","13.5° C","100","13.5","0","900142","False","93","3.67"
"5b338ad2-420d-4b67-aa7b-28f28f34fdc7","306912","Birk - B7 (TANK 5)","11/25/2018 2:52 AM","13.7","13.7° C","100","13.7","0","900142","False","93","3.68"
"e19db3bc-232b-44c2-bfe7-e3fff13b5c26","306912","Birk - B7 (TANK 5)","11/25/2018 2:42 AM","13.7","13.7° C","100","13.7","0","900142","False","94","3.68"
"91911e11-e4a5-414d-ba24-74785f4dc26a","306912","Birk - B7 (TANK 5)","11/25/2018 2:32 AM","13.6","13.6° C","100","13.6","0","900142","False","94","3.65"
"e10c7132-8004-4213-b7c8-3eff83bac088","306912","Birk - B7 (TANK 5)","11/25/2018 2:22 AM","13.6","13.6° C","100","13.6","0","900142","False","93","3.66"
"ab4e257b-e67f-4de4-8bae-852f5956e4c5","306912","Birk - B7 (TANK 5)","11/25/2018 2:12 AM","13.5","13.5° C","100","13.5","0","900142","False","93","3.67"
"0c783f64-b421-4e2c-aeef-91288e78ef0e","306912","Birk - B7 (TANK 5)","11/25/2018 2:02 AM","13.5","13.5° C","100","13.5","0","900142","False","93","3.67"
"2444dfa9-e74a-45e5-912c-a055123b560b","306912","Birk - B7 (TANK 5)","11/25/2018 1:52 AM","13.5","13.5° C","100","13.5","0","900142","False","93","3.66"
"a029fd80-dc4b-41da-9286-28e8033703d2","306912","Birk - B7 (TANK 5)","11/25/2018 1:43 AM","13.3","13.3° C","100","13.3","0","900142","False","93","3.68"
"4c3e2b6d-bac2-4e3c-a149-e4c5a4cf6de3","306912","Birk - B7 (TANK 5)","11/25/2018 1:33 AM","13.4","13.4° C","100","13.4","0","900142","False","93","3.64"
"77084d95-7f90-4c70-bf76-692c861c2403","306912","Birk - B7 (TANK 5)","11/25/2018 1:23 AM","13.5","13.5° C","100","13.5","0","900142","False","92","3.66"
"953e7643-c51d-4999-9528-bf194f7d8433","306912","Birk - B7 (TANK 5)","11/25/2018 1:13 AM","13.7","13.7° C","100","13.7","0","900142","False","93","3.66"
"3816b262-6b9e-4973-8505-99007d615172","306912","Birk - B7 (TANK 5)","11/25/2018 1:03 AM","13.7","13.7° C","100","13.7","0","900142","False","93","3.66"
"cffacb72-57ee-46af-86cb-34010d24e2b0","306912","Birk - B7 (TANK 5)","11/25/2018 12:53 AM","13.6","13.6° C","100","13.6","0","900142","False","93","3.68"
"2f56b555-c23c-40aa-a7fa-4659fccf6c5e","306912","Birk - B7 (TANK 5)","11/25/2018 12:43 AM","13.6","13.6° C","100","13.6","0","900142","False","92","3.64"
"802ca36c-61ee-4839-8440-413a417e6613","306912","Birk - B7 (TANK 5)","11/25/2018 12:33 AM","13.6","13.6° C","100","13.6","0","900142","False","93","3.67"
"81fb299b-5cbf-45f6-bb95-c8cf5f044e03","306912","Birk - B7 (TANK 5)","11/25/2018 12:23 AM","13.5","13.5° C","100","13.5","0","900142","False","93","3.67"
"2a515605-a9ce-43cc-be1b-86b84c2036f2","306912","Birk - B7 (TANK 5)","11/25/2018 12:13 AM","13.5","13.5° C","100","13.5","0","900142","False","93","3.66"
"29cdda55-9fdd-47f7-a414-48b6aecfdaad","306912","Birk - B7 (TANK 5)","11/25/2018 12:03 AM","13.4","13.4° C","100","13.4","0","900142","False","93","3.67"
"77730837-3d95-4e3c-b4e1-88a1d0d542d8","306912","Birk - B7 (TANK 5)","11/24/2018 11:53 PM","13.4","13.4° C","100","13.4","0","900142","False","92","3.67"
"c3a9b3e2-b891-40ce-bcfa-dc6ab8c922fd","306912","Birk - B7 (TANK 5)","11/24/2018 11:43 PM","13.5","13.5° C","100","13.5","0","900142","False","93","3.68"
"3475f9e3-8b79-4202-b7ce-450d49785cd8","306912","Birk - B7 (TANK 5)","11/24/2018 11:33 PM","13.7","13.7° C","100","13.7","0","900142","False","93","3.67"
"3949c17d-043a-411c-b8d5-dc4fe9d9ea82","306912","Birk - B7 (TANK 5)","11/24/2018 11:24 PM","13.7","13.7° C","100","13.7","0","900142","False","93","3.67"
"c755275c-0f32-4015-b411-42342f1a985c","306912","Birk - B7 (TANK 5)","11/24/2018 11:14 PM","13.6","13.6° C","100","13.6","0","900142","False","92","3.67"
"ad2b1291-1c65-4685-8b49-60c75a9ee820","306912","Birk - B7 (TANK 5)","11/24/2018 11:04 PM","13.6","13.6° C","100","13.6","0","900142","False","92","3.68"
"786babb9-f7e1-4d5d-ad1a-5f2d6afd371c","306912","Birk - B7 (TANK 5)","11/24/2018 10:54 PM","13.6","13.6° C","100","13.6","0","900142","False","92","3.67"
"6924f0cb-b769-44e9-b583-6054698084e9","306912","Birk - B7 (TANK 5)","11/24/2018 10:44 PM","13.5","13.5° C","100","13.5","0","900142","False","92","3.66"
"50f41bf3-3724-485b-b8a7-57f45653d4b1","306912","Birk - B7 (TANK 5)","11/24/2018 10:34 PM","13.5","13.5° C","100","13.5","0","900142","False","93","3.68"
"56a1317c-b778-43eb-92e7-c6ee828272b5","306912","Birk - B7 (TANK 5)","11/24/2018 10:24 PM","13.4","13.4° C","100","13.4","0","900142","False","93","3.68"
"2e6c8e3b-e0f9-4d65-aaee-78dacf1a759d","306912","Birk - B7 (TANK 5)","11/24/2018 10:14 PM","13.4","13.4° C","100","13.4","0","900142","False","93","3.66"
"cd33e011-e140-4aa9-9388-dacdea271929","306912","Birk - B7 (TANK 5)","11/24/2018 10:04 PM","13.4","13.4° C","100","13.4","0","900142","False","93","3.65"
"db4eb5b8-c61e-4c13-bd06-9f612b7bf9a9","306912","Birk - B7 (TANK 5)","11/24/2018 9:54 PM","13.6","13.6° C","100","13.6","0","900142","False","93","3.66"
"7353235a-6d83-4363-ad87-5d39642766b0","306912","Birk - B7 (TANK 5)","11/24/2018 9:44 PM","13.7","13.7° C","100","13.7","0","900142","False","92","3.68"
"375e99cf-90c9-4a4a-abd9-5eab7afb9196","306912","Birk - B7 (TANK 5)","11/24/2018 9:34 PM","13.6","13.6° C","100","13.6","0","900142","False","92","3.67"
"bf875b7f-97fa-40d7-84aa-528ce4c0ffcd","306912","Birk - B7 (TANK 5)","11/24/2018 9:24 PM","13.6","13.6° C","100","13.6","0","900142","False","93","3.68"
"ee32218a-ce41-4532-aef6-159c99c25c78","306912","Birk - B7 (TANK 5)","11/24/2018 9:14 PM","13.6","13.6° C","100","13.6","0","900142","False","92","3.66"
"6511ddae-1d5b-4250-a3be-b27aabeb91e2","306912","Birk - B7 (TANK 5)","11/24/2018 9:05 PM","13.5","13.5° C","100","13.5","0","900142","False","93","3.67"
"1ab3c8e5-2c16-4a4b-8ba1-08fc97b1a74b","306912","Birk - B7 (TANK 5)","11/24/2018 8:55 PM","13.5","13.5° C","100","13.5","0","900142","False","92","3.66"
"efbdb4f2-8ce5-476a-bccb-7e45dc2aaa99","306912","Birk - B7 (TANK 5)","11/24/2018 8:45 PM","13.4","13.4° C","100","13.4","0","900142","False","92","3.67"
"92c8dc40-1bc8-4cd3-adf8-fb78a6df74a8","306912","Birk - B7 (TANK 5)","11/24/2018 8:35 PM","13.4","13.4° C","100","13.4","0","900142","False","92","3.67"
"3555c44e-aaa3-43ae-a754-2cc48f6551e7","306912","Birk - B7 (TANK 5)","11/24/2018 8:25 PM","13.4","13.4° C","100","13.4","0","900142","False","93","3.67"
"ad9fc988-e8b0-45bc-a4be-58b8133f4f4e","306912","Birk - B7 (TANK 5)","11/24/2018 8:15 PM","13.5","13.5° C","100","13.5","0","900142","False","93","3.67"
"cc4216d9-b53a-4a76-aedf-b9f80e893c52","306912","Birk - B7 (TANK 5)","11/24/2018 8:05 PM","13.7","13.7° C","100","13.7","0","900142","False","92","3.66"
"0adf83bb-e70e-4f84-a09a-23f92fbb8167","306912","Birk - B7 (TANK 5)","11/24/2018 7:25 PM","13.5","13.5° C","100","13.5","0","900142","False","92","3.67"
"a148091c-fcd4-4b78-ac6c-3cb63340e82b","306912","Birk - B7 (TANK 5)","11/24/2018 7:15 PM","13.5","13.5° C","100","13.5","0","900142","False","92","3.67"
"866c5838-c2ae-4d8e-a410-2b6af3444d17","306912","Birk - B7 (TANK 5)","11/24/2018 7:05 PM","13.5","13.5° C","100","13.5","0","900142","False","93","3.65"
"520d7d02-65c4-4223-b038-776a39d2158d","306912","Birk - B7 (TANK 5)","11/24/2018 6:55 PM","13.4","13.4° C","100","13.4","0","900142","False","92","3.67"
"38a04243-ce84-4abf-b90b-27db2800e796","306912","Birk - B7 (TANK 5)","11/24/2018 6:45 PM","13.4","13.4° C","100","13.4","0","900142","False","92","3.66"
"6987b403-ba6d-447a-86ab-0ab72a475914","306912","Birk - B7 (TANK 5)","11/24/2018 6:36 PM","13.4","13.4° C","100","13.4","0","900142","False","92","3.66"
"4f2ca7f0-2093-470f-851f-2b15347eed06","306912","Birk - B7 (TANK 5)","11/24/2018 6:26 PM","13.6","13.6° C","100","13.6","0","900142","False","92","3.67"
"b07690e9-972f-4f9e-9857-8cbb1b2465c8","306912","Birk - B7 (TANK 5)","11/24/2018 6:16 PM","13.7","13.7° C","100","13.7","0","900142","False","92","3.65"
"c4b26b8e-9f3e-47ac-9425-556f1359bb74","306912","Birk - B7 (TANK 5)","11/24/2018 6:06 PM","13.7","13.7° C","100","13.7","0","900142","False","92","3.67"
"e6909768-9156-489d-af4a-63fb743fbd37","306912","Birk - B7 (TANK 5)","11/24/2018 5:56 PM","13.6","13.6° C","100","13.6","0","900142","False","92","3.67"
"7cd710b5-6899-4535-873a-db8351e8e49d","306912","Birk - B7 (TANK 5)","11/24/2018 5:46 PM","13.6","13.6° C","100","13.6","0","900142","False","93","3.67"
"79ee875d-9b52-4f1c-a9ad-e5c43cbc749f","306912","Birk - B7 (TANK 5)","11/24/2018 5:36 PM","13.5","13.5° C","100","13.5","0","900142","False","92","3.66"
"01517108-c7b0-46e4-869c-4b1326590af5","306912","Birk - B7 (TANK 5)","11/24/2018 5:26 PM","13.5","13.5° C","100","13.5","0","900142","False","92","3.67"
"cd41e3ca-5344-4048-bcde-7653e7f7ac15","306912","Birk - B7 (TANK 5)","11/24/2018 5:16 PM","13.5","13.5° C","100","13.5","0","900142","False","92","3.67"
"b5442c3f-4ec8-4e79-aaf8-a7a5c49c5b20","306912","Birk - B7 (TANK 5)","11/24/2018 5:06 PM","13.4","13.4° C","100","13.4","0","900142","False","92","3.68"
"20a9ef64-0108-4019-9317-6511af596d81","306912","Birk - B7 (TANK 5)","11/24/2018 4:56 PM","13.4","13.4° C","100","13.4","0","900142","False","92","3.68"
"8e6ea763-6d25-45b5-a3ea-8a8dc6962788","306912","Birk - B7 (TANK 5)","11/24/2018 4:46 PM","13.4","13.4° C","100","13.4","0","900142","False","93","3.67"
"1def45d8-ad7b-4651-bafe-ccdbc0ba462a","306912","Birk - B7 (TANK 5)","11/24/2018 4:36 PM","13.7","13.7° C","100","13.7","0","900142","False","94","3.67"
"76b876fd-32e4-40b4-bbf0-6019d6f3e2a7","306912","Birk - B7 (TANK 5)","11/24/2018 4:27 PM","13.7","13.7° C","100","13.7","0","900142","False","93","3.66"
"935190d1-dadf-4b69-881a-50e1c7e41762","306912","Birk - B7 (TANK 5)","11/24/2018 4:17 PM","13.7","13.7° C","100","13.7","0","900142","False","92","3.66"
"82ab8482-66f9-4373-b0ff-93a9000e1cf3","306912","Birk - B7 (TANK 5)","11/24/2018 4:07 PM","13.6","13.6° C","100","13.6","0","900142","False","93","3.68"
"70583ab7-49c2-4055-b6c4-1e6b15d8b1f0","306912","Birk - B7 (TANK 5)","11/24/2018 3:57 PM","13.6","13.6° C","100","13.6","0","900142","False","92","3.67"
"49c792b5-43c3-4a25-8f5f-42f8ab1d4e73","306912","Birk - B7 (TANK 5)","11/24/2018 3:47 PM","13.5","13.5° C","100","13.5","0","900142","False","93","3.66"
"bd183042-72bc-4290-8f70-dcf2586f1d72","306912","Birk - B7 (TANK 5)","11/24/2018 3:37 PM","13.6","13.6° C","100","13.6","0","900142","False","92","3.66"
"2940473b-316a-447c-9222-9363e6c282bc","306912","Birk - B7 (TANK 5)","11/24/2018 3:27 PM","13.5","13.5° C","100","13.5","0","900142","False","93","3.66"
"a1822a38-0e09-4be5-8718-f1889559c066","306912","Birk - B7 (TANK 5)","11/24/2018 3:17 PM","13.4","13.4° C","100","13.4","0","900142","False","93","3.67"
"fb3d9905-999c-4bf9-8362-800c3f71a343","306912","Birk - B7 (TANK 5)","11/24/2018 3:07 PM","13.4","13.4° C","100","13.4","0","900142","False","93","3.67"
"a6de3e7f-e73e-453c-8fb5-22456f5ca5fe","306912","Birk - B7 (TANK 5)","11/24/2018 2:57 PM","13.3","13.3° C","100","13.3","0","900142","False","92","3.67"
"3bf8e098-def4-4d28-a330-2c8873b8dfd0","306912","Birk - B7 (TANK 5)","11/24/2018 2:47 PM","13.4","13.4° C","100","13.4","0","900142","False","92","3.67"
"a901a74c-d18e-48b3-ab2c-f4a0024bc6f2","306912","Birk - B7 (TANK 5)","11/24/2018 2:37 PM","13.6","13.6° C","100","13.6","0","900142","False","92","3.67"
"70869d93-1184-4b89-9c3b-8f026565486b","306912","Birk - B7 (TANK 5)","11/24/2018 2:27 PM","13.7","13.7° C","100","13.7","0","900142","False","93","3.66"
"e35a551f-dbd3-4791-bd2a-e365ea1122e7","306912","Birk - B7 (TANK 5)","11/24/2018 2:17 PM","13.7","13.7° C","100","13.7","0","900142","False","93","3.67"
"8118e467-4676-4300-b074-cf912004f9d3","306912","Birk - B7 (TANK 5)","11/24/2018 2:07 PM","13.6","13.6° C","100","13.6","0","900142","False","96","3.67"
"144f2309-c4e5-4e8e-87f8-0c734d47f401","306912","Birk - B7 (TANK 5)","11/24/2018 1:57 PM","13.6","13.6° C","100","13.6","0","900142","False","94","3.68"
"9ca04e67-ee3e-4efd-9b9f-24e0d79cab74","306912","Birk - B7 (TANK 5)","11/24/2018 1:48 PM","13.6","13.6° C","100","13.6","0","900142","False","93","3.67"
"b2336ede-6665-4481-9225-279ea2fb8125","306912","Birk - B7 (TANK 5)","11/24/2018 1:38 PM","13.5","13.5° C","100","13.5","0","900142","False","92","3.66"
"6cfc8616-0af7-4dbf-861d-7130fd41d80e","306912","Birk - B7 (TANK 5)","11/24/2018 12:38 PM","13.5","13.5° C","100","13.5","0","900142","False","93","3.64"
"7dd91f04-e653-4601-992f-814b7c93efcf","306912","Birk - B7 (TANK 5)","11/24/2018 7:50 AM","13.5","13.5° C","100","13.5","0","900142","False","93","3.66"
"bf3ce998-80aa-4379-97e0-1e6028bddda6","306912","Birk - B7 (TANK 5)","11/24/2018 7:40 AM","13.5","13.5° C","100","13.5","0","900142","False","93","3.67"
"ed9daf19-47bc-4ecb-b555-6157283d7af2","306912","Birk - B7 (TANK 5)","11/24/2018 7:00 AM","13.4","13.4° C","100","13.4","0","900142","False","93","3.65"
"51eccd29-61f0-4a77-8ec1-e23c1f8cdc51","306912","Birk - B7 (TANK 5)","11/24/2018 6:50 AM","13.4","13.4° C","100","13.4","0","900142","False","92","3.66"
"cbcc3c72-3d55-4658-a50b-9b856bf2382f","306912","Birk - B7 (TANK 5)","11/24/2018 6:40 AM","13.6","13.6° C","100","13.6","0","900142","False","92","3.66"
"1d8ee67c-aec1-4786-9a31-1b306ed94fd9","306912","Birk - B7 (TANK 5)","11/24/2018 6:31 AM","13.7","13.7° C","100","13.7","0","900142","False","93","3.66"
"c348e328-9fdc-4b53-a884-cce430f08f1c","306912","Birk - B7 (TANK 5)","11/24/2018 5:41 AM","13.7","13.7° C","100","13.7","0","900142","False","93","3.66"
"5f10fd60-cf7e-40bc-9e8e-aaeb497dab0e","306912","Birk - B7 (TANK 5)","11/24/2018 5:21 AM","13.7","13.7° C","100","13.7","0","900142","False","92","3.66"
"c01df76a-d4d2-45c8-9344-1eb8456fdcdf","306912","Birk - B7 (TANK 5)","11/24/2018 4:11 AM","13.7","13.7° C","100","13.7","0","900142","False","92","3.67"
"76ef44d8-3806-4bf2-83d1-e88b2ee2a0b1","306912","Birk - B7 (TANK 5)","11/24/2018 3:51 AM","13.6","13.6° C","100","13.6","0","900142","False","93","3.68"
"a57ba46a-3f95-48a6-b788-c999835395ee","306912","Birk - B7 (TANK 5)","11/24/2018 3:22 AM","13.7","13.7° C","100","13.7","0","900142","False","93","3.66"
"a8fe6352-c780-4908-abef-67af699592c3","306912","Birk - B7 (TANK 5)","11/24/2018 2:52 AM","13.7","13.7° C","100","13.7","0","900142","False","93","3.67"
"4d2daa2b-d78c-4383-8e4d-dd0faba04580","306912","Birk - B7 (TANK 5)","11/24/2018 2:42 AM","13.7","13.7° C","100","13.7","0","900142","False","92","3.66"
"fb601885-227b-4c17-b112-b6d046fa26f8","306912","Birk - B7 (TANK 5)","11/24/2018 1:42 AM","13.7","13.7° C","100","13.7","0","900142","False","92","3.67"
"fa25f81e-df58-4a14-adff-1a5bd5a4e6a6","306912","Birk - B7 (TANK 5)","11/24/2018 1:22 AM","13.7","13.7° C","100","13.7","0","900142","False","93","3.66"
"e66735f0-9432-4c57-9280-dd1165cfe74f","306912","Birk - B7 (TANK 5)","11/24/2018 1:12 AM","13.7","13.7° C","100","13.7","0","900142","False","93","3.66"
"e5a1023a-2a17-4705-bd02-5667f11fd0c1","306912","Birk - B7 (TANK 5)","11/24/2018 12:33 AM","13.7","13.7° C","100","13.7","0","900142","False","93","3.65"
"070b3983-ed1b-442f-bb1f-65889b41d2b4","306912","Birk - B7 (TANK 5)","11/24/2018 12:23 AM","13.7","13.7° C","100","13.7","0","900142","False","93","3.66"
"94a8cccc-9540-45d1-812e-0e0c466c4e74","306912","Birk - B7 (TANK 5)","11/24/2018 12:03 AM","13.7","13.7° C","100","13.7","0","900142","False","93","3.65"
"65b25915-ac8e-4c7d-8b9d-2004a5c1a6e1","306912","Birk - B7 (TANK 5)","11/23/2018 11:43 PM","13.7","13.7° C","100","13.7","0","900142","False","92","3.64"
"ac63b6a9-5786-448f-b6b7-294899ef896b","306912","Birk - B7 (TANK 5)","11/23/2018 11:33 PM","13.7","13.7° C","100","13.7","0","900142","False","93","3.68"
"b93dd66f-f544-4b51-bac3-a6e55f95d3a0","306912","Birk - B7 (TANK 5)","11/23/2018 11:23 PM","13.7","13.7° C","100","13.7","0","900142","False","93","3.66"
"ee8b2ffd-0f0b-422b-b7ab-70eff500c199","306912","Birk - B7 (TANK 5)","11/23/2018 10:53 PM","13.7","13.7° C","100","13.7","0","900142","False","93","3.67"
"e3e275f5-7c37-43d2-a9a7-7ab0813ef272","306912","Birk - B7 (TANK 5)","11/23/2018 10:33 PM","13.7","13.7° C","100","13.7","0","900142","False","94","3.67"
"7d94e235-2a23-4001-b5ee-351322e82311","306912","Birk - B7 (TANK 5)","11/23/2018 10:03 PM","13.6","13.6° C","100","13.6","0","900142","False","93","3.68"
"6548d069-18c4-45c6-b046-3b739d114c90","306912","Birk - B7 (TANK 5)","11/23/2018 9:53 PM","13.7","13.7° C","100","13.7","0","900142","False","94","3.67"
"d34638bf-eb01-4d73-951a-b10990abb8bd","306912","Birk - B7 (TANK 5)","11/23/2018 9:43 PM","13.7","13.7° C","100","13.7","0","900142","False","93","3.67"
"5a46e295-fdec-464c-91c7-357016f3b58a","306912","Birk - B7 (TANK 5)","11/23/2018 9:24 PM","13.7","13.7° C","100","13.7","0","900142","False","93","3.67"
"dbb71e23-d929-49d0-ba41-f9b6f953bdfe","306912","Birk - B7 (TANK 5)","11/23/2018 9:14 PM","13.6","13.6° C","100","13.6","0","900142","False","93","3.67"
"2bcd3700-2b34-429d-a01f-e5c888072219","306912","Birk - B7 (TANK 5)","11/23/2018 8:54 PM","13.7","13.7° C","100","13.7","0","900142","False","93","3.66"
"05bcbd87-0f7e-41c5-90ef-5a12b77aa83b","306912","Birk - B7 (TANK 5)","11/23/2018 8:34 PM","13.6","13.6° C","100","13.6","0","900142","False","94","3.67"
"7ba7598a-d4ee-4145-b135-90997b4ff5fd","306912","Birk - B7 (TANK 5)","11/23/2018 8:14 PM","13.7","13.7° C","100","13.7","0","900142","False","94","3.67"
"87be743a-6830-41c6-85d4-3e614a9a5a80","306912","Birk - B7 (TANK 5)","11/23/2018 8:04 PM","13.7","13.7° C","100","13.7","0","900142","False","93","3.67"
"3afa2a3c-96ad-45ad-b2af-0711c2391120","306912","Birk - B7 (TANK 5)","11/23/2018 7:54 PM","13.7","13.7° C","100","13.7","0","900142","False","94","3.66"
"9eb20f93-eebb-4e2a-99e1-c39b55a7fba7","306912","Birk - B7 (TANK 5)","11/23/2018 7:44 PM","13.6","13.6° C","100","13.6","0","900142","False","94","3.67"
"3a086703-3ae9-49fe-a41d-a4b055ee1c50","306912","Birk - B7 (TANK 5)","11/23/2018 7:34 PM","13.7","13.7° C","100","13.7","0","900142","False","94","3.67"
"0551817e-a176-4710-a0d1-9c31b07245ad","306912","Birk - B7 (TANK 5)","11/23/2018 7:24 PM","13.7","13.7° C","100","13.7","0","900142","False","94","3.68"
"41f1e56f-cd8d-410c-9417-41034a518c09","306912","Birk - B7 (TANK 5)","11/23/2018 7:04 PM","13.6","13.6° C","100","13.6","0","900142","False","94","3.67"
"225fda6d-a118-41dd-a6cb-781ef0307090","306912","Birk - B7 (TANK 5)","11/23/2018 6:35 PM","13.7","13.7° C","100","13.7","0","900142","False","94","3.67"
"2759cd36-b3ca-4110-9526-ad0c9caa0a4b","306912","Birk - B7 (TANK 5)","11/23/2018 6:15 PM","13.6","13.6° C","100","13.6","0","900142","False","94","3.67"
"9413a132-9d26-4e40-9bb0-25c425649f09","306912","Birk - B7 (TANK 5)","11/23/2018 5:25 PM","13.6","13.6° C","100","13.6","0","900142","False","94","3.67"
"c168c08c-d331-467c-a2a8-a10f3edf588d","306912","Birk - B7 (TANK 5)","11/23/2018 5:15 PM","13.7","13.7° C","100","13.7","0","900142","False","93","3.65"
"37d201b5-79c9-4b6f-9feb-c3a2f4c5a8aa","306912","Birk - B7 (TANK 5)","11/23/2018 5:05 PM","13.7","13.7° C","100","13.7","0","900142","False","94","3.67"
"c1cbdb18-1d5e-4c6e-be0e-5f48069f48b7","306912","Birk - B7 (TANK 5)","11/23/2018 4:55 PM","13.7","13.7° C","100","13.7","0","900142","False","92","3.67"
"d10c2131-6f3e-4d83-a498-f44ee2379b7c","306912","Birk - B7 (TANK 5)","11/23/2018 4:45 PM","13.6","13.6° C","100","13.6","0","900142","False","93","3.66"
"4d193fe9-a258-420d-934c-2eb9fed95465","306912","Birk - B7 (TANK 5)","11/23/2018 4:35 PM","13.6","13.6° C","100","13.6","0","900142","False","92","3.66"
"c4583d53-f47f-4578-82de-1906a46d335a","306912","Birk - B7 (TANK 5)","11/23/2018 4:25 PM","13.6","13.6° C","100","13.6","0","900142","False","94","3.67"
"efbd412a-9f7c-4eaf-a1a2-17bc06944d0d","306912","Birk - B7 (TANK 5)","11/23/2018 4:15 PM","13.6","13.6° C","100","13.6","0","900142","False","94","3.67"
"64edd9d8-d7e0-4a1d-b9a2-e3b106238fcb","306912","Birk - B7 (TANK 5)","11/23/2018 3:56 PM","13.6","13.6° C","100","13.6","0","900142","False","94","3.68"
"eb850ec3-259d-4d93-b532-84e91cd43b00","306912","Birk - B7 (TANK 5)","11/23/2018 3:36 PM","13.6","13.6° C","100","13.6","0","900142","False","96","3.67"
"b0586dd3-91ea-490d-9855-0f77a252ca70","306912","Birk - B7 (TANK 5)","11/23/2018 3:26 PM","13.6","13.6° C","100","13.6","0","900142","False","94","3.66"
"190ed32e-781b-4f2e-8ac1-888b3236482f","306912","Birk - B7 (TANK 5)","11/23/2018 3:16 PM","13.5","13.5° C","100","13.5","0","900142","False","92","3.66"
"d10aee1f-2810-4348-8ae3-117d5341afa3","306912","Birk - B7 (TANK 5)","11/23/2018 3:06 PM","13.5","13.5° C","100","13.5","0","900142","False","94","3.68"
"6a33c24e-6aed-4366-b181-ece29fa531b8","306912","Birk - B7 (TANK 5)","11/23/2018 2:56 PM","13.5","13.5° C","100","13.5","0","900142","False","94","3.67"
"29df1f56-9490-40cb-9628-239b82cacc0c","306912","Birk - B7 (TANK 5)","11/23/2018 2:36 PM","13.5","13.5° C","100","13.5","0","900142","False","94","3.66"
"cc072e8d-d19f-4c6d-b41a-d33fbd794ecf","306912","Birk - B7 (TANK 5)","11/23/2018 2:26 PM","13.4","13.4° C","100","13.4","0","900142","False","94","3.66"
"cb95357a-8aab-4b12-9285-78daf55551b9","306912","Birk - B7 (TANK 5)","11/23/2018 2:16 PM","13.4","13.4° C","100","13.4","0","900142","False","94","3.67"
"3954cbd0-45d7-48a7-9533-4df380fae501","306912","Birk - B7 (TANK 5)","11/23/2018 2:06 PM","13.3","13.3° C","100","13.3","0","900142","False","96","3.67"
"d3c06aca-acc0-4bc4-8234-ebe76c892252","306912","Birk - B7 (TANK 5)","11/23/2018 1:56 PM","13.5","13.5° C","100","13.5","0","900142","False","94","3.67"
"bbd973a8-5caa-41ce-97fd-dd09c7371fd9","306912","Birk - B7 (TANK 5)","11/23/2018 1:27 PM","13.7","13.7° C","100","13.7","0","900142","False","96","3.65"
"2db1bb68-0110-4697-b52c-01f84d092f51","306912","Birk - B7 (TANK 5)","11/23/2018 12:47 PM","13.7","13.7° C","100","13.7","0","900142","False","94","3.67"
"a14f1852-0684-4664-a8aa-d8c00faa86d7","306912","Birk - B7 (TANK 5)","11/23/2018 12:37 PM","13.6","13.6° C","100","13.6","0","900142","False","94","3.66"
"1438056f-7b74-4b1b-8b62-73bfeff714fb","306912","Birk - B7 (TANK 5)","11/23/2018 11:57 AM","13.6","13.6° C","100","13.6","0","900142","False","97","3.65"
"71a6e255-d507-40c4-a987-2c94c1cb3599","306912","Birk - B7 (TANK 5)","11/23/2018 11:47 AM","13.5","13.5° C","100","13.5","0","900142","False","88","3.68"
"5e560c4c-46ab-4ba7-9a79-5ff0bef24320","306912","Birk - B7 (TANK 5)","11/23/2018 11:37 AM","13.6","13.6° C","100","13.6","0","900142","False","96","3.64"
"81a7e50d-2d15-4ce2-a0de-e8487ce96fc3","306912","Birk - B7 (TANK 5)","11/23/2018 11:27 AM","13.6","13.6° C","100","13.6","0","900142","False","94","3.67"
"d70c3746-c9e3-43fd-83d5-804042f62095","306912","Birk - B7 (TANK 5)","11/23/2018 11:18 AM","13.6","13.6° C","100","13.6","0","900142","False","94","3.66"
"2020ff44-6c6f-4e1e-82c8-5c2ad06bdf24","306912","Birk - B7 (TANK 5)","11/23/2018 11:08 AM","13.6","13.6° C","100","13.6","0","900142","False","96","3.66"
"42652dbb-cd40-467c-b7a8-785d51e5eb02","306912","Birk - B7 (TANK 5)","11/23/2018 10:58 AM","13.4","13.4° C","100","13.4","0","900142","False","94","3.66"
"1e3325a6-7d35-4ad2-ab85-451f18e64abf","306912","Birk - B7 (TANK 5)","11/23/2018 10:48 AM","13.5","13.5° C","100","13.5","0","900142","False","94","3.65"
"1dfc5212-a1cc-403e-b136-ae82321adeb5","306912","Birk - B7 (TANK 5)","11/23/2018 10:38 AM","13.5","13.5° C","100","13.5","0","900142","False","97","3.67"
"4bca99fc-7cec-4ef6-b228-d7f8664bf448","306912","Birk - B7 (TANK 5)","11/23/2018 10:28 AM","13.4","13.4° C","100","13.4","0","900142","False","94","3.67"
"b503ebfd-a950-443e-92a4-38d8f6dba083","306912","Birk - B7 (TANK 5)","11/23/2018 10:18 AM","13.4","13.4° C","100","13.4","0","900142","False","94","3.66"
"41f958d4-3056-4383-b663-dea59087283c","306912","Birk - B7 (TANK 5)","11/23/2018 10:08 AM","13.5","13.5° C","100","13.5","0","900142","False","94","3.67"
"a3933ae5-f78c-4ed4-98f1-9991dc4926e7","306912","Birk - B7 (TANK 5)","11/23/2018 9:58 AM","13.7","13.7° C","100","13.7","0","900142","False","94","3.69"
"81c50b03-6a2c-460e-b12d-c9980034aa95","306912","Birk - B7 (TANK 5)","11/23/2018 9:48 AM","13.7","13.7° C","100","13.7","0","900142","False","93","3.66"
"96ef3a7b-d5fa-4f97-8f04-c294084332b1","306912","Birk - B7 (TANK 5)","11/23/2018 9:28 AM","13.7","13.7° C","100","13.7","0","900142","False","94","3.67"
"81ae8043-6c4d-4655-84e5-34de11d7e6a3","306912","Birk - B7 (TANK 5)","11/23/2018 9:18 AM","13.6","13.6° C","100","13.6","0","900142","False","93","3.67"
"67e6cb61-499e-4aea-bf2e-277ff04544a5","306912","Birk - B7 (TANK 5)","11/23/2018 9:08 AM","13.6","13.6° C","100","13.6","0","900142","False","93","3.67"
"e11ca1db-4169-49bf-abb0-e21fb5f2b2be","306912","Birk - B7 (TANK 5)","11/23/2018 8:58 AM","13.6","13.6° C","100","13.6","0","900142","False","94","3.66"
"43f90ec5-8c59-42ee-8170-334f2dd7bc5b","306912","Birk - B7 (TANK 5)","11/23/2018 8:48 AM","13.5","13.5° C","100","13.5","0","900142","False","96","3.66"
"9a2e04bb-5069-4596-aee6-520261df7e77","306912","Birk - B7 (TANK 5)","11/23/2018 8:39 AM","13.5","13.5° C","100","13.5","0","900142","False","94","3.68"
"a8e1836f-eeb1-4139-96dc-a38c2d58d452","306912","Birk - B7 (TANK 5)","11/23/2018 8:29 AM","13.4","13.4° C","100","13.4","0","900142","False","94","3.67"
"b105e4e9-8f7e-46a0-974b-70445b9a1ccb","306912","Birk - B7 (TANK 5)","11/23/2018 8:19 AM","13.4","13.4° C","100","13.4","0","900142","False","93","3.67"
"9229e963-1598-4d6f-96e2-b4f1f715edc4","306912","Birk - B7 (TANK 5)","11/23/2018 8:09 AM","13.5","13.5° C","100","13.5","0","900142","False","93","3.66"
"c6fb5494-d831-45ea-af9e-fe0f5b3ec6bf","306912","Birk - B7 (TANK 5)","11/23/2018 7:59 AM","13.7","13.7° C","100","13.7","0","900142","False","93","3.67"
"5e855c3b-0a61-40c8-9bb3-71fbce173883","306912","Birk - B7 (TANK 5)","11/23/2018 7:49 AM","13.7","13.7° C","100","13.7","0","900142","False","93","3.66"
"24b2935b-5284-46ef-9b4c-c7e7b9e309e3","306912","Birk - B7 (TANK 5)","11/23/2018 7:39 AM","13.6","13.6° C","100","13.6","0","900142","False","93","3.67"
"63b4949e-bf4f-4e46-8ea3-ec5722993f48","306912","Birk - B7 (TANK 5)","11/23/2018 7:29 AM","13.6","13.6° C","100","13.6","0","900142","False","94","3.67"
"ee92a519-5977-4d8c-a4a9-62607f6f7d8c","306912","Birk - B7 (TANK 5)","11/23/2018 7:09 AM","13.6","13.6° C","100","13.6","0","900142","False","94","3.67"
"177193f9-146b-470b-9508-126b3628f3f6","306912","Birk - B7 (TANK 5)","11/23/2018 6:59 AM","13.5","13.5° C","100","13.5","0","900142","False","94","3.66"
"04d7cf22-3b99-450e-b573-cb0f0221176a","306912","Birk - B7 (TANK 5)","11/23/2018 6:49 AM","13.5","13.5° C","100","13.5","0","900142","False","93","3.66"
"8adb957d-e835-4604-be02-24e1d8f75c7b","306912","Birk - B7 (TANK 5)","11/23/2018 6:39 AM","13.4","13.4° C","100","13.4","0","900142","False","93","3.67"
"269bab56-d0ab-49cd-970c-43a43776a5f6","306912","Birk - B7 (TANK 5)","11/23/2018 6:29 AM","13.4","13.4° C","100","13.4","0","900142","False","93","3.67"
"6c386253-2695-4fb1-a600-f5bffc0e27d1","306912","Birk - B7 (TANK 5)","11/23/2018 6:19 AM","13.4","13.4° C","100","13.4","0","900142","False","93","3.67"
"ccbb57a1-2550-45d7-a454-cc77c2192dd9","306912","Birk - B7 (TANK 5)","11/23/2018 6:09 AM","13.4","13.4° C","100","13.4","0","900142","False","94","3.66"
"2bb592ac-a365-4353-bafd-94eb263dab2d","306912","Birk - B7 (TANK 5)","11/23/2018 5:59 AM","13.7","13.7° C","100","13.7","0","900142","False","93","3.65"
"2fabc1ea-78dc-459d-9a63-1cc12aa6249f","306912","Birk - B7 (TANK 5)","11/23/2018 5:49 AM","13.7","13.7° C","100","13.7","0","900142","False","93","3.66"
"1dc0117a-2b35-47f0-8662-6eef65f4ba87","306912","Birk - B7 (TANK 5)","11/23/2018 5:40 AM","13.7","13.7° C","100","13.7","0","900142","False","93","3.66"
"f7ee50a9-140e-4576-a358-23dbda6ec2f5","306912","Birk - B7 (TANK 5)","11/23/2018 5:30 AM","13.6","13.6° C","100","13.6","0","900142","False","93","3.66"
"96bb8b30-fd0b-4ca3-96c8-c707a38b4f37","306912","Birk - B7 (TANK 5)","11/23/2018 5:20 AM","13.5","13.5° C","100","13.5","0","900142","False","94","3.68"
"a290b516-43b5-4096-bceb-251e7b78e154","306912","Birk - B7 (TANK 5)","11/23/2018 5:00 AM","13.5","13.5° C","100","13.5","0","900142","False","92","3.67"
"41cdcae5-0472-4838-aad9-ec788aa40cd3","306912","Birk - B7 (TANK 5)","11/23/2018 4:30 AM","13.4","13.4° C","100","13.4","0","900142","False","93","3.67"
"9cc63755-322e-4a8d-a92a-9f29fb65266b","306912","Birk - B7 (TANK 5)","11/23/2018 4:20 AM","13.4","13.4° C","100","13.4","0","900142","False","94","3.66"
"f2e7efcb-5443-4e13-9765-d1adeabc46b4","306912","Birk - B7 (TANK 5)","11/23/2018 4:10 AM","13.6","13.6° C","100","13.6","0","900142","False","94","3.67"
"1a6bec74-dabb-4a9a-b3ac-f34a89df5601","306912","Birk - B7 (TANK 5)","11/23/2018 4:00 AM","13.7","13.7° C","100","13.7","0","900142","False","94","3.67"
"5261f433-1a10-4f38-8780-f0c204f6d853","306912","Birk - B7 (TANK 5)","11/23/2018 3:50 AM","13.7","13.7° C","100","13.7","0","900142","False","93","3.66"
"a57fb557-b8e6-41e8-96da-a197ca6d32a5","306912","Birk - B7 (TANK 5)","11/23/2018 3:00 AM","13.5","13.5° C","100","13.5","0","900142","False","93","3.68"
"55a3fd97-212d-478b-ba62-f4bd2817452b","306912","Birk - B7 (TANK 5)","11/23/2018 2:51 AM","13.4","13.4° C","100","13.4","0","900142","False","94","3.67"
"b27ea5d2-31c5-4497-8ebe-0080a162c987","306912","Birk - B7 (TANK 5)","11/23/2018 2:41 AM","13.4","13.4° C","100","13.4","0","900142","False","93","3.67"
"e1488232-6445-4e45-b3ee-44427d556459","306912","Birk - B7 (TANK 5)","11/23/2018 2:31 AM","13.4","13.4° C","100","13.4","0","900142","False","94","3.65"
"1eed8227-9414-4ef3-99bf-54098a11d148","306912","Birk - B7 (TANK 5)","11/23/2018 2:21 AM","13.5","13.5° C","100","13.5","0","900142","False","94","3.66"
"e222516c-297e-417f-a157-036e3af9f3a5","306912","Birk - B7 (TANK 5)","11/23/2018 1:51 AM","13.6","13.6° C","100","13.6","0","900142","False","94","3.67"
"3cd77d40-8178-4b2c-ab3b-e45f4aa39449","306912","Birk - B7 (TANK 5)","11/23/2018 1:41 AM","13.6","13.6° C","100","13.6","0","900142","False","93","3.67"
"40aa84d2-5939-4189-9bb5-5f0051eda51e","306912","Birk - B7 (TANK 5)","11/23/2018 1:31 AM","13.6","13.6° C","100","13.6","0","900142","False","93","3.67"
"5289fbc5-c7f2-462f-8fb2-9f1f67526910","306912","Birk - B7 (TANK 5)","11/23/2018 1:21 AM","13.5","13.5° C","100","13.5","0","900142","False","94","3.67"
"d447ee5b-028f-42ea-90cf-9baec0bdaafa","306912","Birk - B7 (TANK 5)","11/23/2018 1:11 AM","13.5","13.5° C","100","13.5","0","900142","False","93","3.67"
"2f4d85f9-2e0e-4047-9b15-2161b41fe591","306912","Birk - B7 (TANK 5)","11/22/2018 8:43 PM","13.5","13.5° C","100","13.5","0","900142","False","93","3.67"
"6218f39f-8cae-4912-a8f7-e4e8894d086d","306912","Birk - B7 (TANK 5)","11/22/2018 3:39 AM","13.5","13.5° C","100","13.5","0","900142","False","93","3.66"
"48778eb8-1598-4ec7-89d3-5ff86df19b04","306912","Birk - B7 (TANK 5)","11/22/2018 12:40 AM","13.6","13.6° C","100","13.6","0","900142","False","93","3.66"
"04712a76-f375-4304-aadd-1192a4ebb36f","306912","Birk - B7 (TANK 5)","11/21/2018 7:13 PM","13.5","13.5° C","100","13.5","0","900142","False","88","3.66"
"c8bc943b-69ee-403c-8835-1af838859c91","306912","Birk - B7 (TANK 5)","11/21/2018 4:34 PM","13.6","13.6° C","100","13.6","0","900142","False","89","3.68"
"23307641-658e-4238-842a-40ec8bc5e240","306912","Birk - B7 (TANK 5)","11/21/2018 8:17 AM","13.5","13.5° C","100","13.5","0","900142","False","92","3.66"
"86f5bbe8-7054-439e-9d00-603758524137","306912","Birk - B7 (TANK 5)","11/21/2018 7:57 AM","13.4","13.4° C","100","13.4","0","900142","False","88","3.67"
"173b6b00-6a14-4905-9dac-dbffc499e6b0","306912","Birk - B7 (TANK 5)","11/21/2018 7:47 AM","13.5","13.5° C","100","13.5","0","900142","False","88","3.67"
"c8b1c6c7-9002-4028-8d07-9d8513c75b31","306912","Birk - B7 (TANK 5)","11/21/2018 5:08 AM","13.6","13.6° C","100","13.6","0","900142","False","88","3.67"
"611cb42f-8986-47c0-9279-66bb986bdf7f","306912","Birk - B7 (TANK 5)","11/21/2018 4:58 AM","13.5","13.5° C","100","13.5","0","900142","False","86","3.66"
"eaf43ce6-ecd0-458e-8312-75afb3c7bafb","306912","Birk - B7 (TANK 5)","11/21/2018 4:48 AM","13.5","13.5° C","100","13.5","0","900142","False","88","3.66"
"802d2121-2837-40c9-8992-0612c6651345","306912","Birk - B7 (TANK 5)","11/21/2018 2:49 AM","13.5","13.5° C","100","13.5","0","900142","False","88","3.66"
"60399129-9df4-4857-8969-8180404267e6","306912","Birk - B7 (TANK 5)","11/21/2018 2:39 AM","13.4","13.4° C","100","13.4","0","900142","False","88","3.66"
"ba2a3318-c8d1-4499-90f7-68e865cf9d9f","306912","Birk - B7 (TANK 5)","11/21/2018 2:09 AM","13.7","13.7° C","100","13.7","0","900142","False","88","3.67"
"24c379e1-ee17-4f42-a3af-d37e952e3701","306912","Birk - B7 (TANK 5)","11/21/2018 1:20 AM","13.6","13.6° C","100","13.6","0","900142","False","88","3.67"
